fixture,horizon,partition,update,status,atoms,rules,source_records,old_model,new_model,base_deleted,base_inserted,ground_wall_seconds,independent_ground_wall_seconds,direct_oracle_wall_seconds,dred_wall_seconds,full_materialize_wall_seconds,synthesis_wall_seconds,local_check_wall_seconds,packet_bytes,truth_fields,witness_heads,witness_literals,closure_rules,closure_literals,offset_fields,pair_checks,segment_updates,segment_steps
rbac_policy.csv,8,temporal,start-shift,accepted,464,948,5,138,135,1,0,0.002469218,0.003184068,0.003391881,4.7181e-05,0.000149075,7.0216e-05,6.651e-05,58,3,0,0,7,8,0,2,3,15
rbac_policy.csv,8,temporal,restore-start,accepted,464,948,5,135,138,0,1,0.00268903,0.00289455,0.003430279,4.6871e-05,0.000121884,6.574e-05,5.4142e-05,81,3,3,3,7,13,0,2,3,15
rbac_policy.csv,8,temporal,end-shrink,accepted,464,948,5,138,126,4,0,0.002477591,0.002908672,0.003588057,4.5288e-05,0.000111519,6.2464e-05,6.7422e-05,89,12,0,0,28,33,0,2,12,60
rbac_policy.csv,8,temporal,restore-end,accepted,464,948,5,126,138,0,4,0.002450479,0.002905397,0.003320924,3.1107e-05,0.000122335,6.8143e-05,8.1493e-05,192,12,12,12,28,52,0,2,12,60
rbac_policy.csv,8,temporal,overlap-add,accepted,464,948,5,138,138,0,0,0.002467685,0.003319381,0.003351469,1.7366e-05,0.00011954,6.1513e-05,1.353e-05,50,0,0,0,0,0,0,0,0,0
rbac_policy.csv,8,temporal,overlap-shrink,accepted,464,948,5,138,138,0,0,0.002428937,0.002972668,0.003314986,1.6766e-05,0.00011969,6.0351e-05,1.1988e-05,50,0,0,0,0,0,0,0,0,0
rbac_policy.csv,8,temporal,overlap-normalize,accepted,464,948,5,138,138,0,0,0.00250413,0.003175765,0.003343698,1.7085e-05,0.000116165,6.0081e-05,1.2128e-05,50,0,0,0,0,0,0,0,0,0
rbac_policy.csv,8,temporal,membership-remove,accepted,464,948,5,138,92,8,0,0.002429788,0.002951416,0.003668319,0.00012602,9.3972e-05,4.622e-05,0.000207293,217,46,0,0,142,174,0,0,68,308
rbac_policy.csv,8,temporal,membership-restore,accepted,464,948,5,92,138,0,8,0.002461386,0.002959439,0.003319972,5.6065e-05,0.000113822,8.9635e-05,0.000214594,652,46,46,68,134,220,0,7,68,308
rbac_policy.csv,8,temporal,mixed-shrink,accepted,464,948,5,138,114,8,0,0.002606775,0.003067982,0.003537651,6.7783e-05,0.000111529,5.931e-05,0.000114703,133,24,0,0,56,65,0,4,24,120
rbac_policy.csv,8,temporal,mixed-move,accepted,464,948,5,114,114,8,8,0.002453193,0.002968211,0.003362957,8.5239e-05,0.000109526,7.1698e-05,0.000211429,391,44,22,20,110,165,0,4,40,200
rbac_policy.csv,8,temporal,restore-all,accepted,464,948,5,114,138,0,8,0.002448447,0.003360294,0.003366973,4.9795e-05,0.000118488,0.000141664,0.000127573,338,24,24,24,56,104,0,4,24,120
rbac_policy.csv,8,singleton,start-shift,accepted,464,948,5,138,135,1,0,0.002441646,0.003081983,0.004044406,2.9064e-05,0.000122375,0.000129735,3.8198e-05,58,3,0,0,7,8,0,0,3,4
rbac_policy.csv,8,singleton,restore-start,accepted,464,948,5,135,138,0,1,0.002452743,0.003008532,0.003406333,2.2114e-05,0.00011909,0.000133952,4.0552e-05,81,3,3,3,7,13,0,3,3,4
rbac_policy.csv,8,singleton,end-shrink,accepted,464,948,5,138,126,4,0,0.002434245,0.00300727,0.003621577,4.1553e-05,0.000114513,0.000123256,6.0842e-05,89,12,0,0,28,33,0,0,12,16
rbac_policy.csv,8,singleton,restore-end,accepted,464,948,5,126,138,0,4,0.002492673,0.003035973,0.003438932,2.8443e-05,0.000124037,0.00013881,7.8238e-05,192,12,12,12,28,52,0,12,12,16
rbac_policy.csv,8,singleton,overlap-add,accepted,464,948,5,138,138,0,0,0.002463609,0.042524361,0.003477721,3.1117e-05,0.000183237,0.00015935,1.9289e-05,50,0,0,0,0,0,0,0,0,0
rbac_policy.csv,8,singleton,overlap-shrink,accepted,464,948,5,138,138,0,0,0.00248393,0.003056895,0.003418111,1.7065e-05,0.000138138,0.00016585,1.3751e-05,50,0,0,0,0,0,0,0,0,0
rbac_policy.csv,8,singleton,overlap-normalize,accepted,464,948,5,138,138,0,0,0.002476779,0.003521266,0.003442337,1.7676e-05,0.000276858,0.000130737,1.3961e-05,50,0,0,0,0,0,0,0,0,0
rbac_policy.csv,8,singleton,membership-remove,accepted,464,948,5,138,92,8,0,0.002472804,0.003030516,0.003844064,0.000112159,0.000121493,0.000108804,0.000214904,217,46,0,0,142,174,0,0,68,76
rbac_policy.csv,8,singleton,membership-restore,accepted,464,948,5,92,138,0,8,0.002626736,0.003113992,0.003453844,7.7897e-05,0.000123847,0.000141623,0.000258269,652,46,46,68,134,220,0,68,68,76
rbac_policy.csv,8,singleton,mixed-shrink,accepted,464,948,5,138,114,8,0,0.002537621,0.003081852,0.003653536,6.6401e-05,0.00013912,0.000120082,0.000137147,133,24,0,0,56,65,0,0,24,32
rbac_policy.csv,8,singleton,mixed-move,accepted,464,948,5,114,114,8,8,0.002481998,0.003030485,0.003413314,8.0511e-05,0.000114533,0.000131028,0.000195225,391,44,22,20,110,165,0,20,40,56
rbac_policy.csv,8,singleton,restore-all,accepted,464,948,5,114,138,0,8,0.002902883,0.003426544,0.003412942,3.9269e-05,0.000122284,0.000145069,0.000157908,338,24,24,24,56,104,0,24,24,32
rbac_policy.csv,16,temporal,start-shift,accepted,928,1908,5,282,279,1,0,0.004639404,0.006291469,0.006834699,5.4032e-05,0.000218129,0.000108554,8.8824e-05,59,3,0,0,7,8,0,2,3,18
rbac_policy.csv,16,temporal,restore-start,accepted,928,1908,5,279,282,0,1,0.005012408,0.007006979,0.00700806,4.7812e-05,0.000242646,0.000111749,6.3866e-05,84,3,3,3,7,13,0,2,3,18
rbac_policy.csv,16,temporal,end-shrink,accepted,928,1908,5,282,258,8,0,0.004810252,0.006483238,0.006702138,8.7752e-05,0.000428427,0.00010555,0.000116075,135,24,0,0,56,65,0,2,24,144
rbac_policy.csv,16,temporal,restore-end,accepted,928,1908,5,258,282,0,8,0.004852216,0.005780727,0.007007549,5.2219e-05,0.000223627,0.000111358,0.000155034,356,24,24,24,56,104,0,2,24,144
rbac_policy.csv,16,temporal,overlap-add,accepted,928,1908,5,282,282,0,0,0.004761128,0.00596788,0.006749309,3.1388e-05,0.00023881,0.000122465,1.4662e-05,50,0,0,0,0,0,0,0,0,0
rbac_policy.csv,16,temporal,overlap-shrink,accepted,928,1908,5,282,282,0,0,0.0047029,0.046316807,0.007320322,3.8508e-05,0.000241835,0.000123366,1.958e-05,50,0,0,0,0,0,0,0,0,0
rbac_policy.csv,16,temporal,overlap-normalize,accepted,928,1908,5,282,282,0,0,0.004761778,0.006560334,0.006545863,2.7762e-05,0.00022491,0.00010577,1.6195e-05,50,0,0,0,0,0,0,0,0,0
rbac_policy.csv,16,temporal,membership-remove,accepted,928,1908,5,282,188,16,0,0.005108933,0.005664121,0.006581868,0.000235675,0.000182345,7.4582e-05,0.000378211,393,94,0,0,286,350,0,0,140,776
rbac_policy.csv,16,temporal,membership-restore,accepted,928,1908,5,188,282,0,16,0.004836531,0.006241513,0.006945796,0.000116296,0.000220013,0.000121613,0.000453995,1330,94,94,140,270,444,0,7,140,776
rbac_policy.csv,16,temporal,mixed-shrink,accepted,928,1908,5,282,234,16,0,0.004823612,0.006417348,0.007146629,0.000121223,0.000211909,9.6576e-05,0.00018597,231,48,0,0,112,129,0,4,48,288
rbac_policy.csv,16,temporal,mixed-move,accepted,928,1908,5,234,234,16,16,0.004764463,0.006514746,0.006688627,0.000151749,0.000211329,0.000112099,0.000370359,829,92,46,44,222,333,0,4,88,528
rbac_policy.csv,16,temporal,restore-all,accepted,928,1908,5,234,282,0,16,0.005020009,0.005931366,0.046787817,8.2484e-05,0.000214264,0.000181804,0.000254334,678,48,48,48,112,208,0,4,48,288
rbac_policy.csv,16,singleton,start-shift,accepted,928,1908,5,282,279,1,0,0.005353893,0.006417959,0.006958215,4.4968e-05,0.000265461,0.000460646,4.625e-05,59,3,0,0,7,8,0,0,3,4
rbac_policy.csv,16,singleton,restore-start,accepted,928,1908,5,279,282,0,1,0.004852817,0.006563088,0.006556479,3.7737e-05,0.000287333,0.000285831,5.5784e-05,84,3,3,3,7,13,0,3,3,4
rbac_policy.csv,16,singleton,end-shrink,accepted,928,1908,5,282,258,8,0,0.005062153,0.005798064,0.006928871,7.7748e-05,0.000260623,0.000254504,0.000121303,135,24,0,0,56,65,0,0,24,32
rbac_policy.csv,16,singleton,restore-end,accepted,928,1908,5,258,282,0,8,0.004764764,0.006209335,0.007202093,5.0566e-05,0.00024456,0.000277729,0.000162455,356,24,24,24,56,104,0,24,24,32
rbac_policy.csv,16,singleton,overlap-add,accepted,928,1908,5,282,282,0,0,0.005096324,0.054404146,0.007481336,3.8868e-05,0.00034442,0.000263398,1.983e-05,50,0,0,0,0,0,0,0,0,0
rbac_policy.csv,16,singleton,overlap-shrink,accepted,928,1908,5,282,282,0,0,0.004838234,0.009938023,0.006771292,3.321e-05,0.000311991,0.000272501,1.7166e-05,50,0,0,0,0,0,0,0,0,0
rbac_policy.csv,16,singleton,overlap-normalize,accepted,928,1908,5,282,282,0,0,0.005193532,0.006038627,0.007110385,2.9454e-05,0.000266652,0.00025197,1.5073e-05,50,0,0,0,0,0,0,0,0,0
rbac_policy.csv,16,singleton,membership-remove,accepted,928,1908,5,282,188,16,0,0.004856873,0.006640285,0.007188032,0.000226241,0.000209266,0.000191238,0.000431712,393,94,0,0,286,350,0,0,140,156
rbac_policy.csv,16,singleton,membership-restore,accepted,928,1908,5,188,282,0,16,0.005160801,0.006679245,0.007455616,0.000121423,0.000275245,0.000274084,0.000553215,1330,94,94,140,270,444,0,140,140,156
rbac_policy.csv,16,singleton,mixed-shrink,accepted,928,1908,5,282,234,16,0,0.004778394,0.006640846,0.006558962,0.000127963,0.000249176,0.000237749,0.000210648,231,48,0,0,112,129,0,0,48,64
rbac_policy.csv,16,singleton,mixed-move,accepted,928,1908,5,234,234,16,16,0.005256566,0.006010594,0.04824655,0.000170097,0.000248405,0.000283538,0.000394565,829,92,46,44,222,333,0,44,88,120
rbac_policy.csv,16,singleton,restore-all,accepted,928,1908,5,234,282,0,16,0.005316056,0.006704623,0.007850452,8.9626e-05,0.000302586,0.000284059,0.00030464,678,48,48,48,112,208,0,48,48,64
rbac_policy.csv,32,temporal,start-shift,accepted,1856,3828,5,570,567,1,0,0.009926437,0.012037324,0.01388257,9.1588e-05,0.000508988,0.000222135,7.281e-05,60,3,0,0,7,8,0,2,3,21
rbac_policy.csv,32,temporal,restore-start,accepted,1856,3828,5,567,570,0,1,0.009700155,0.012387743,0.05622657,9.4953e-05,0.000626156,0.000284109,7.4012e-05,86,3,3,3,7,13,0,2,3,21
rbac_policy.csv,32,temporal,end-shrink,accepted,1856,3828,5,570,522,16,0,0.009942571,0.012488315,0.014032716,0.000173722,0.000577492,0.000222586,0.000178129,241,48,0,0,112,129,0,2,48,336
rbac_policy.csv,32,temporal,restore-end,accepted,1856,3828,5,522,570,0,16,0.009925435,0.011921148,0.014602106,0.000110657,0.000590141,0.000349308,0.00024489,719,48,48,48,112,208,0,2,48,336
rbac_policy.csv,32,temporal,overlap-add,accepted,1856,3828,5,570,570,0,0,0.009301794,0.060117064,0.013436186,5.7687e-05,0.000586105,0.000213533,2.0441e-05,50,0,0,0,0,0,0,0,0,0
rbac_policy.csv,32,temporal,overlap-shrink,accepted,1856,3828,5,570,570,0,0,0.009434785,0.012161772,0.013738832,6.632e-05,0.00056965,0.000208204,1.7427e-05,50,0,0,0,0,0,0,0,0,0
rbac_policy.csv,32,temporal,overlap-normalize,accepted,1856,3828,5,570,570,0,0,0.009202965,0.012089823,0.013822078,4.7452e-05,0.00054967,0.000207033,1.7397e-05,50,0,0,0,0,0,0,0,0,0
rbac_policy.csv,32,temporal,membership-remove,accepted,1856,3828,5,570,380,32,0,0.009457168,0.056189635,0.013715136,0.000564863,0.000472553,0.000179361,0.000652054,867,190,0,0,574,702,0,0,284,1860
rbac_policy.csv,32,temporal,membership-restore,accepted,1856,3828,5,380,570,0,32,0.009626644,0.012648256,0.013230866,0.000309066,0.000546845,0.000248555,0.000825777,2886,190,190,284,542,892,0,7,284,1860
rbac_policy.csv,32,temporal,mixed-shrink,accepted,1856,3828,5,570,474,32,0,0.00941209,0.012635076,0.013391248,0.000247063,0.000490941,0.000189796,0.000335277,449,96,0,0,224,257,0,4,96,672
rbac_policy.csv,32,temporal,mixed-move,accepted,1856,3828,5,474,474,32,32,0.057826696,0.013060319,0.013933327,0.000385943,0.000547857,0.000250268,0.000897115,1784,188,94,92,446,669,0,4,184,1288
rbac_policy.csv,32,temporal,restore-all,accepted,1856,3828,5,474,570,0,32,0.010106118,0.012882559,0.013794367,0.000189697,0.000703211,0.000303699,0.000415167,1402,96,96,96,224,416,0,4,96,672
rbac_policy.csv,32,singleton,start-shift,accepted,1856,3828,5,570,567,1,0,0.009358419,0.012878974,0.01418056,7.274e-05,0.000672716,0.000527907,5.287e-05,60,3,0,0,7,8,0,0,3,4
rbac_policy.csv,32,singleton,restore-start,accepted,1856,3828,5,567,570,0,1,0.009494875,0.01271695,0.013560904,7.4692e-05,0.000621629,0.000514647,6.4187e-05,86,3,3,3,7,13,0,3,3,4
rbac_policy.csv,32,singleton,end-shrink,accepted,1856,3828,5,570,522,16,0,0.059429556,0.014303746,0.014065336,0.000174995,0.000617242,0.000481467,0.000215695,241,48,0,0,112,129,0,0,48,64
rbac_policy.csv,32,singleton,restore-end,accepted,1856,3828,5,522,570,0,16,0.00949151,0.013314171,0.013687495,0.000109215,0.000620808,0.000498723,0.00033159,719,48,48,48,112,208,0,48,48,64
rbac_policy.csv,32,singleton,overlap-add,accepted,1856,3828,5,570,570,0,0,0.009622458,0.01287593,0.064971012,6.6741e-05,0.000603691,0.000624323,2.1863e-05,50,0,0,0,0,0,0,0,0,0
rbac_policy.csv,32,singleton,overlap-shrink,accepted,1856,3828,5,570,570,0,0,0.009675949,0.012385099,0.013851262,5.0236e-05,0.000683272,0.000493205,1.8398e-05,50,0,0,0,0,0,0,0,0,0
rbac_policy.csv,32,singleton,overlap-normalize,accepted,1856,3828,5,570,570,0,0,0.010089763,0.013598972,0.014723029,5.4693e-05,0.000674018,0.000504722,2.1072e-05,50,0,0,0,0,0,0,0,0,0
rbac_policy.csv,32,singleton,membership-remove,accepted,1856,3828,5,570,380,32,0,0.010050224,0.013004154,0.06523408,0.000557191,0.000578283,0.000442888,0.000793859,867,190,0,0,574,702,0,0,284,316
rbac_policy.csv,32,singleton,membership-restore,accepted,1856,3828,5,380,570,0,32,0.010281493,0.012393151,0.014404979,0.000369598,0.000592915,0.000520085,0.000965227,2886,190,190,284,542,892,0,284,284,316
rbac_policy.csv,32,singleton,mixed-shrink,accepted,1856,3828,5,570,474,32,0,0.009542978,0.013460422,0.014410827,0.000309467,0.000672805,0.000458843,0.000376899,449,96,0,0,224,257,0,0,96,128
rbac_policy.csv,32,singleton,mixed-move,accepted,1856,3828,5,474,474,32,32,0.009409196,0.067134208,0.015082272,0.000406563,0.000611704,0.000517161,0.000749051,1784,188,94,92,446,669,0,92,184,248
rbac_policy.csv,32,singleton,restore-all,accepted,1856,3828,5,474,570,0,32,0.009334303,0.013270967,0.01463828,0.000180813,0.00068228,0.000555339,0.000536239,1402,96,96,96,224,416,0,96,96,128
rbac_with_domains_policy.csv,8,temporal,start-shift,accepted,896,1896,6,184,179,1,0,0.004852666,0.007062583,0.006907088,5.8429e-05,0.000268034,0.00010593,8.2174e-05,66,5,0,0,14,14,0,5,7,33
rbac_with_domains_policy.csv,8,temporal,restore-start,accepted,896,1896,6,179,184,0,1,0.005115363,0.006250857,0.006991737,4.0081e-05,0.000221675,0.000103166,7.5194e-05,111,5,5,7,10,19,0,5,7,33
rbac_with_domains_policy.csv,8,temporal,end-shrink,accepted,896,1896,6,184,164,4,0,0.005172188,0.006780227,0.006528367,7.7306e-05,0.000214694,9.895e-05,0.000118479,117,20,0,0,56,58,0,5,28,132
rbac_with_domains_policy.csv,8,temporal,restore-end,accepted,896,1896,6,164,184,0,4,0.00504719,0.005818435,0.006980209,4.9305e-05,0.000212541,0.000126361,0.000136086,304,20,20,28,40,76,0,5,28,132
rbac_with_domains_policy.csv,8,temporal,overlap-add,accepted,896,1896,6,184,184,0,0,0.004827248,0.006413794,0.006843753,2.7532e-05,0.000227033,9.8619e-05,1.5543e-05,50,0,0,0,0,0,0,0,0,0
rbac_with_domains_policy.csv,8,temporal,overlap-shrink,accepted,896,1896,6,184,184,0,0,0.004785675,0.049922042,0.007639204,3.4673e-05,0.000256818,0.000110787,1.9349e-05,50,0,0,0,0,0,0,0,0,0
rbac_with_domains_policy.csv,8,temporal,overlap-normalize,accepted,896,1896,6,184,184,0,0,0.004939187,0.006585843,0.006699355,2.613e-05,0.000398422,9.8529e-05,1.5513e-05,50,0,0,0,0,0,0,0,0,0
rbac_with_domains_policy.csv,8,temporal,membership-remove,accepted,896,1896,6,184,138,8,0,0.005112999,0.00592125,0.007009323,0.000138329,0.000181915,8.3476e-05,0.000232932,217,46,0,0,142,158,0,0,68,308
rbac_with_domains_policy.csv,8,temporal,membership-restore,accepted,896,1896,6,138,184,0,8,0.004831575,0.006359232,0.00712034,7.8539e-05,0.000201173,0.000113602,0.000283037,674,46,46,68,134,220,0,7,68,308
rbac_with_domains_policy.csv,8,temporal,mixed-shrink,accepted,896,1896,6,184,144,8,0,0.005202594,0.00650444,0.007188533,0.000108474,0.000193772,9.0997e-05,0.000202997,187,40,0,0,112,114,0,10,56,264
rbac_with_domains_policy.csv,8,temporal,mixed-move,accepted,896,1896,6,144,144,8,8,0.00482169,0.006902561,0.007302045,0.000170908,0.000186902,0.000106912,0.000392283,627,72,36,48,188,258,0,10,96,448
rbac_with_domains_policy.csv,8,temporal,restore-all,accepted,896,1896,6,144,184,0,8,0.005357539,0.006181042,0.050221143,7.1909e-05,0.000240633,0.000146941,0.000225901,566,40,40,56,80,152,0,10,56,264
rbac_with_domains_policy.csv,8,singleton,start-shift,accepted,896,1896,6,184,179,1,0,0.005049223,0.006702229,0.007307684,5.1628e-05,0.000294505,0.000214904,6.655e-05,66,5,0,0,14,14,0,0,7,8
rbac_with_domains_policy.csv,8,singleton,restore-start,accepted,896,1896,6,179,184,0,1,0.00492784,0.006760077,0.007407454,3.6646e-05,0.000259672,0.000215305,6.7402e-05,111,5,5,7,10,19,0,7,7,8
rbac_with_domains_policy.csv,8,singleton,end-shrink,accepted,896,1896,6,184,164,4,0,0.00500053,0.006881579,0.006941501,6.7882e-05,0.000218539,0.000204329,0.000154843,117,20,0,0,56,58,0,0,28,32
rbac_with_domains_policy.csv,8,singleton,restore-end,accepted,896,1896,6,164,184,0,4,0.005397909,0.00604704,0.007143345,4.658e-05,0.000227543,0.000288285,0.00015236,304,20,20,28,40,76,0,28,28,32
rbac_with_domains_policy.csv,8,singleton,overlap-add,accepted,896,1896,6,184,184,0,0,0.004998747,0.055770962,0.007595718,3.5394e-05,0.000389949,0.000283709,1.9139e-05,50,0,0,0,0,0,0,0,0,0
rbac_with_domains_policy.csv,8,singleton,overlap-shrink,accepted,896,1896,6,184,184,0,0,0.005208934,0.007215735,0.006770793,2.7481e-05,0.000241314,0.000209667,1.5864e-05,50,0,0,0,0,0,0,0,0,0
rbac_with_domains_policy.csv,8,singleton,overlap-normalize,accepted,896,1896,6,184,184,0,0,0.005584652,0.006305099,0.007412592,2.7512e-05,0.000294324,0.000214924,1.5353e-05,50,0,0,0,0,0,0,0,0,0
rbac_with_domains_policy.csv,8,singleton,membership-remove,accepted,896,1896,6,184,138,8,0,0.004982874,0.00782902,0.00756425,0.000155495,0.000244609,0.000180302,0.000243978,217,46,0,0,142,158,0,0,68,76
rbac_with_domains_policy.csv,8,singleton,membership-restore,accepted,896,1896,6,138,184,0,8,0.005114051,0.006723461,0.007455987,8.4808e-05,0.000266112,0.000220683,0.000297679,674,46,46,68,134,220,0,68,68,76
rbac_with_domains_policy.csv,8,singleton,mixed-shrink,accepted,896,1896,6,184,144,8,0,0.005217157,0.007069394,0.007050004,0.000103536,0.000241855,0.000197448,0.000238289,187,40,0,0,112,114,0,0,56,64
rbac_with_domains_policy.csv,8,singleton,mixed-move,accepted,896,1896,6,144,144,8,8,0.005317478,0.006271038,0.053806387,0.000131268,0.000282176,0.000246642,0.000412673,627,72,36,48,188,258,0,48,96,112
rbac_with_domains_policy.csv,8,singleton,restore-all,accepted,896,1896,6,144,184,0,8,0.004989542,0.006215494,0.007548797,6.7011e-05,0.000284069,0.000224839,0.000224399,566,40,40,56,80,152,0,56,56,64
rbac_with_domains_policy.csv,16,temporal,start-shift,accepted,1792,3816,6,376,371,1,0,0.009783911,0.012728758,0.013385008,8.7512e-05,0.000522739,0.000208835,0.000101554,69,5,0,0,14,14,0,5,7,40
rbac_with_domains_policy.csv,16,temporal,restore-start,accepted,1792,3816,6,371,376,0,1,0.009631141,0.012264016,0.068059675,9.7397e-05,0.000531062,0.000241044,9.99e-05,117,5,5,7,10,19,0,5,7,40
rbac_with_domains_policy.csv,16,temporal,end-shrink,accepted,1792,3816,6,376,336,8,0,0.00988218,0.01210779,0.01414775,0.00019855,0.000579885,0.000200412,0.000202436,215,40,0,0,112,114,0,5,56,320
rbac_with_domains_policy.csv,16,temporal,restore-end,accepted,1792,3816,6,336,376,0,8,0.009676009,0.012169985,0.013706694,0.000122015,0.000574137,0.000217919,0.000239171,620,40,40,56,80,152,0,5,56,320
rbac_with_domains_policy.csv,16,temporal,overlap-add,accepted,1792,3816,6,376,376,0,0,0.009871915,0.067126246,0.013860096,5.5734e-05,0.000564392,0.00020499,2.0521e-05,50,0,0,0,0,0,0,0,0,0
rbac_with_domains_policy.csv,16,temporal,overlap-shrink,accepted,1792,3816,6,376,376,0,0,0.009271929,0.012020568,0.013606453,4.5438e-05,0.000513906,0.000202165,1.991e-05,50,0,0,0,0,0,0,0,0,0
rbac_with_domains_policy.csv,16,temporal,overlap-normalize,accepted,1792,3816,6,376,376,0,0,0.009368745,0.012672733,0.013881949,5.0676e-05,0.000571303,0.000221214,2.0922e-05,50,0,0,0,0,0,0,0,0,0
rbac_with_domains_policy.csv,16,temporal,membership-remove,accepted,1792,3816,6,376,282,16,0,0.009336977,0.064252538,0.013985846,0.000334144,0.000562699,0.000173972,0.000384781,471,94,0,0,286,318,0,0,140,776
rbac_with_domains_policy.csv,16,temporal,membership-restore,accepted,1792,3816,6,282,376,0,16,0.009812244,0.012599442,0.013880046,0.000228815,0.00051004,0.000202566,0.000461226,1486,94,94,140,270,444,0,7,140,776
rbac_with_domains_policy.csv,16,temporal,mixed-shrink,accepted,1792,3816,6,376,296,16,0,0.009443889,0.012444268,0.013601536,0.000205931,0.000485052,0.000192631,0.000330359,383,80,0,0,224,226,0,10,112,640
rbac_with_domains_policy.csv,16,temporal,mixed-move,accepted,1792,3816,6,296,296,16,16,0.060278568,0.012845585,0.013544138,0.000332502,0.000487656,0.00021894,0.000672295,1442,152,76,104,380,522,0,10,208,1184
rbac_with_domains_policy.csv,16,temporal,restore-all,accepted,1792,3816,6,296,376,0,16,0.009679895,0.013281272,0.01398886,0.000153492,0.000487536,0.000223087,0.000412453,1190,80,80,112,160,304,0,10,112,640
rbac_with_domains_policy.csv,16,singleton,start-shift,accepted,1792,3816,6,376,371,1,0,0.00978274,0.012886697,0.013963362,7.6876e-05,0.000594287,0.000443569,7.9239e-05,69,5,0,0,14,14,0,0,7,8
rbac_with_domains_policy.csv,16,singleton,restore-start,accepted,1792,3816,6,371,376,0,1,0.00937208,0.013029932,0.06685736,6.4348e-05,0.00056336,0.000559905,8.4678e-05,117,5,5,7,10,19,0,7,7,8
rbac_with_domains_policy.csv,16,singleton,end-shrink,accepted,1792,3816,6,376,336,8,0,0.010167802,0.013478859,0.014249895,0.000150627,0.00055591,0.000459734,0.000223708,215,40,0,0,112,114,0,0,56,64
rbac_with_domains_policy.csv,16,singleton,restore-end,accepted,1792,3816,6,336,376,0,8,0.010012106,0.01333251,0.013690981,0.000108955,0.000580016,0.000489659,0.000269467,620,40,40,56,80,152,0,56,56,64
rbac_with_domains_policy.csv,16,singleton,overlap-add,accepted,1792,3816,6,376,376,0,0,0.009532883,0.013139167,0.06903663,4.7031e-05,0.000616982,0.000532314,2.2123e-05,50,0,0,0,0,0,0,0,0,0
rbac_with_domains_policy.csv,16,singleton,overlap-shrink,accepted,1792,3816,6,376,376,0,0,0.00986189,0.015034779,0.014148582,4.8032e-05,0.000579605,0.00049057,1.9789e-05,50,0,0,0,0,0,0,0,0,0
rbac_with_domains_policy.csv,16,singleton,overlap-normalize,accepted,1792,3816,6,376,376,0,0,0.010432851,0.014282184,0.015380321,5.2629e-05,0.000751384,0.000506474,2.1893e-05,50,0,0,0,0,0,0,0,0,0
rbac_with_domains_policy.csv,16,singleton,membership-remove,accepted,1792,3816,6,376,282,16,0,0.009956002,0.013138456,0.070303363,0.000346663,0.000524993,0.000512604,0.000435087,471,94,0,0,286,318,0,0,140,156
rbac_with_domains_policy.csv,16,singleton,membership-restore,accepted,1792,3816,6,282,376,0,16,0.010055832,0.01239947,0.014158066,0.000242807,0.000573676,0.000456289,0.000531673,1486,94,94,140,270,444,0,140,140,156
rbac_with_domains_policy.csv,16,singleton,mixed-shrink,accepted,1792,3816,6,376,296,16,0,0.010052057,0.012798604,0.014376516,0.000246652,0.000764464,0.000405723,0.000394977,383,80,0,0,224,226,0,0,112,128
rbac_with_domains_policy.csv,16,singleton,mixed-move,accepted,1792,3816,6,296,296,16,16,0.009702408,0.070722516,0.015561885,0.000372172,0.000627047,0.000458512,0.000792587,1442,152,76,104,380,522,0,104,208,240
rbac_with_domains_policy.csv,16,singleton,restore-all,accepted,1792,3816,6,296,376,0,16,0.009732134,0.012972335,0.014244616,0.000140973,0.00057001,0.00048338,0.00047686,1190,80,80,112,160,304,0,112,112,128
rbac_with_domains_policy.csv,32,temporal,start-shift,accepted,3584,7656,6,760,755,1,0,0.064402611,0.026202891,0.02864716,0.00014603,0.001342156,0.000471231,0.000115064,69,5,0,0,14,14,0,5,7,47
rbac_with_domains_policy.csv,32,temporal,restore-start,accepted,3584,7656,6,755,760,0,1,0.018965774,0.079311881,0.027695503,0.000120201,0.001448216,0.000469809,0.000116616,118,5,5,7,10,19,0,5,7,47
rbac_with_domains_policy.csv,32,temporal,end-shrink,accepted,3584,7656,6,760,680,16,0,0.01939368,0.024404334,0.080430911,0.000302807,0.001274644,0.000432373,0.000336759,385,80,0,0,224,226,0,5,112,752
rbac_with_domains_policy.csv,32,temporal,restore-end,accepted,3584,7656,6,680,760,0,16,0.019202561,0.028810777,0.090985215,0.000215766,0.001363468,0.000515939,0.000431171,1231,80,80,112,160,304,0,5,112,752
rbac_with_domains_policy.csv,32,temporal,overlap-add,accepted,3584,7656,6,760,760,0,0,0.019378227,0.02461346,0.026806801,9.1138e-05,0.001375466,0.000425533,2.0912e-05,50,0,0,0,0,0,0,0,0,0
rbac_with_domains_policy.csv,32,temporal,overlap-shrink,accepted,3584,7656,6,760,760,0,0,0.019197163,0.086516909,0.030952932,9.1388e-05,0.001455638,0.000498332,2.2665e-05,50,0,0,0,0,0,0,0,0,0
rbac_with_domains_policy.csv,32,temporal,overlap-normalize,accepted,3584,7656,6,760,760,0,0,0.020153877,0.100290243,0.027151121,9.5244e-05,0.001484832,0.000418792,2.2013e-05,50,0,0,0,0,0,0,0,0,0
rbac_with_domains_policy.csv,32,temporal,membership-remove,accepted,3584,7656,6,760,570,32,0,0.02061207,0.025363913,0.090725203,0.000692346,0.001199621,0.000402588,0.000678935,935,190,0,0,574,638,0,0,284,1860
rbac_with_domains_policy.csv,32,temporal,membership-restore,accepted,3584,7656,6,570,760,0,32,0.021095008,0.02752146,0.031549922,0.000703192,0.001437891,0.000631013,0.000879839,3086,190,190,284,542,892,0,7,284,1860
rbac_with_domains_policy.csv,32,temporal,mixed-shrink,accepted,3584,7656,6,760,600,32,0,0.021024322,0.084995703,0.036535449,0.000482629,0.001283658,0.000450901,0.000623732,721,160,0,0,448,450,0,10,224,1504
rbac_with_domains_policy.csv,32,temporal,mixed-move,accepted,3584,7656,6,600,600,32,32,0.02056013,0.097344055,0.034357651,0.000800118,0.002762881,0.000439063,0.001255366,2988,312,156,216,764,1050,0,10,432,2896
rbac_with_domains_policy.csv,32,temporal,restore-all,accepted,3584,7656,6,600,760,0,32,0.018932984,0.025551276,0.086951204,0.000336328,0.001327013,0.000616961,0.000777543,2378,160,160,224,320,608,0,10,224,1504
rbac_with_domains_policy.csv,32,singleton,start-shift,accepted,3584,7656,6,760,755,1,0,0.021338636,0.02540839,0.09835369,0.000120882,0.00142357,0.000997546,8.4127e-05,69,5,0,0,14,14,0,0,7,8
rbac_with_domains_policy.csv,32,singleton,restore-start,accepted,3584,7656,6,755,760,0,1,0.020156992,0.025925491,0.029414448,0.000114022,0.001483319,0.000957796,0.000116055,118,5,5,7,10,19,0,7,7,8
rbac_with_domains_policy.csv,32,singleton,end-shrink,accepted,3584,7656,6,760,680,16,0,0.084911806,0.027198803,0.032377613,0.000301375,0.001356468,0.000992538,0.000442238,385,80,0,0,224,226,0,0,112,128
rbac_with_domains_policy.csv,32,singleton,restore-end,accepted,3584,7656,6,680,760,0,16,0.021964211,0.095951653,0.029495991,0.000232441,0.001437741,0.000972698,0.000524863,1231,80,80,112,160,304,0,112,112,128
rbac_with_domains_policy.csv,32,singleton,overlap-add,accepted,3584,7656,6,760,760,0,0,0.022202311,0.029983818,0.102114928,9.8719e-05,0.004261945,0.001055574,2.3676e-05,50,0,0,0,0,0,0,0,0,0
rbac_with_domains_policy.csv,32,singleton,overlap-shrink,accepted,3584,7656,6,760,760,0,0,0.021820093,0.027893252,0.108270553,0.00011214,0.001445062,0.001128875,2.4127e-05,50,0,0,0,0,0,0,0,0,0
rbac_with_domains_policy.csv,32,singleton,overlap-normalize,accepted,3584,7656,6,760,760,0,0,0.021836739,0.029136961,0.032559478,9.4182e-05,0.001601547,0.000984476,2.3956e-05,50,0,0,0,0,0,0,0,0,0
rbac_with_domains_policy.csv,32,singleton,membership-remove,accepted,3584,7656,6,760,570,32,0,0.020667353,0.110582697,0.032424214,0.000731905,0.001406694,0.0007953,0.000923224,935,190,0,0,574,638,0,0,284,316
rbac_with_domains_policy.csv,32,singleton,membership-restore,accepted,3584,7656,6,570,760,0,32,0.023258105,0.030089309,0.111391669,0.000468057,0.001401106,0.001130217,0.001102304,3086,190,190,284,542,892,0,284,284,316
rbac_with_domains_policy.csv,32,singleton,mixed-shrink,accepted,3584,7656,6,760,600,32,0,0.024861846,0.039564985,0.119050832,0.00051694,0.001359673,0.000912618,0.000771575,721,160,0,0,448,450,0,0,224,256
rbac_with_domains_policy.csv,32,singleton,mixed-move,accepted,3584,7656,6,600,600,32,32,0.022999554,0.02735509,0.032119154,0.000692735,0.001407635,0.001034302,0.00181453,2988,312,156,216,764,1050,0,216,432,496
rbac_with_domains_policy.csv,32,singleton,restore-all,accepted,3584,7656,6,600,760,0,32,0.026385766,0.104014711,0.030105864,0.000385071,0.00148395,0.000983875,0.000935142,2378,160,160,224,320,608,0,224,224,256
rbac_with_resource_roles_policy.csv,8,temporal,start-shift,accepted,648,1422,6,176,173,1,0,0.00423836,0.004899997,0.005676911,5.6765e-05,0.000204949,0.000106801,6.627e-05,59,3,0,0,8,8,0,2,3,15
rbac_with_resource_roles_policy.csv,8,temporal,restore-start,accepted,648,1422,6,173,176,0,1,0.003742321,0.00445137,0.005627806,3.9129e-05,0.000176145,0.000101643,5.9981e-05,84,3,3,3,8,15,0,2,3,15
rbac_with_resource_roles_policy.csv,8,temporal,end-shrink,accepted,648,1422,6,176,164,4,0,0.003740838,0.004422046,0.005430388,5.9089e-05,0.000177488,9.7117e-05,7.284e-05,89,12,0,0,32,33,0,2,12,60
rbac_with_resource_roles_policy.csv,8,temporal,restore-end,accepted,648,1422,6,164,176,0,4,0.003661949,0.004905556,0.004943613,4.4226e-05,0.000185119,0.000100212,0.000109134,196,12,12,12,32,60,0,2,12,60
rbac_with_resource_roles_policy.csv,8,temporal,overlap-add,accepted,648,1422,6,176,176,0,0,0.003623261,0.005121102,0.004997886,2.3636e-05,0.000182286,9.4873e-05,1.3771e-05,50,0,0,0,0,0,0,0,0,0
rbac_with_resource_roles_policy.csv,8,temporal,overlap-shrink,accepted,648,1422,6,176,176,0,0,0.003674317,0.004806977,0.005410699,2.4277e-05,0.00017215,9.5524e-05,1.4592e-05,50,0,0,0,0,0,0,0,0,0
rbac_with_resource_roles_policy.csv,8,temporal,overlap-normalize,accepted,648,1422,6,176,176,0,0,0.003840028,0.004445983,0.00572235,2.4126e-05,0.000178579,9.6776e-05,1.379e-05,50,0,0,0,0,0,0,0,0,0
rbac_with_resource_roles_policy.csv,8,temporal,membership-remove,accepted,648,1422,6,176,115,8,0,0.003790433,0.004759156,0.0054845,0.00015897,0.000140423,6.8283e-05,0.000319632,267,61,0,0,221,237,0,0,98,442
rbac_with_resource_roles_policy.csv,8,temporal,membership-restore,accepted,648,1422,6,115,176,0,8,0.00505357,0.005386803,0.059400312,9.5334e-05,0.000180282,0.000128745,0.000345943,865,61,61,98,197,322,0,10,98,442
rbac_with_resource_roles_policy.csv,8,temporal,mixed-shrink,accepted,648,1422,6,176,152,8,0,0.003671694,0.005246191,0.005040991,9.91e-05,0.000209316,9.1579e-05,0.000113892,133,24,0,0,64,65,0,4,24,120
rbac_with_resource_roles_policy.csv,8,temporal,mixed-move,accepted,648,1422,6,152,152,8,8,0.00373499,0.004939347,0.00506641,0.000105469,0.000170828,9.8399e-05,0.000227824,401,44,22,20,126,181,0,4,40,200
rbac_with_resource_roles_policy.csv,8,temporal,restore-all,accepted,648,1422,6,152,176,0,8,0.003727067,0.004880999,0.005068973,5.8568e-05,0.000242627,0.000103747,0.000131378,355,24,24,24,64,120,0,4,24,120
rbac_with_resource_roles_policy.csv,8,singleton,start-shift,accepted,648,1422,6,176,173,1,0,0.003699565,0.00486782,0.005693096,4.1612e-05,0.000197158,0.000194483,4.2604e-05,59,3,0,0,8,8,0,0,3,4
rbac_with_resource_roles_policy.csv,8,singleton,restore-start,accepted,648,1422,6,173,176,0,1,0.00368276,0.004539785,0.00557015,3.0156e-05,0.000180412,0.000193322,4.5609e-05,84,3,3,3,8,15,0,3,3,4
rbac_with_resource_roles_policy.csv,8,singleton,end-shrink,accepted,648,1422,6,176,164,4,0,0.003701409,0.00518604,0.005128613,5.2669e-05,0.000205039,0.000215766,7.1257e-05,89,12,0,0,32,33,0,0,12,16
rbac_with_resource_roles_policy.csv,8,singleton,restore-end,accepted,648,1422,6,164,176,0,4,0.003688189,0.00507358,0.005158578,4.1412e-05,0.000208856,0.000199892,0.000197408,196,12,12,12,32,60,0,12,12,16
rbac_with_resource_roles_policy.csv,8,singleton,overlap-add,accepted,648,1422,6,176,176,0,0,0.003800859,0.048977265,0.005309397,3.6355e-05,0.000269207,0.000200673,1.9299e-05,50,0,0,0,0,0,0,0,0,0
rbac_with_resource_roles_policy.csv,8,singleton,overlap-shrink,accepted,648,1422,6,176,176,0,0,0.004115033,0.00454416,0.005685444,2.3516e-05,0.000223988,0.000194774,1.3981e-05,50,0,0,0,0,0,0,0,0,0
rbac_with_resource_roles_policy.csv,8,singleton,overlap-normalize,accepted,648,1422,6,176,176,0,0,0.003738914,0.004547255,0.005985807,2.3165e-05,0.000191369,0.000195234,1.4502e-05,50,0,0,0,0,0,0,0,0,0
rbac_with_resource_roles_policy.csv,8,singleton,membership-remove,accepted,648,1422,6,176,115,8,0,0.003795801,0.004565543,0.005611713,0.000184989,0.000195155,0.000166461,0.000356187,267,61,0,0,221,237,0,0,98,106
rbac_with_resource_roles_policy.csv,8,singleton,membership-restore,accepted,648,1422,6,115,176,0,8,0.003739215,0.005149144,0.005145118,8.8995e-05,0.00021199,0.000197689,0.000402378,865,61,61,98,197,322,0,98,98,106
rbac_with_resource_roles_policy.csv,8,singleton,mixed-shrink,accepted,648,1422,6,176,152,8,0,0.003784413,0.005278539,0.005591031,0.000103105,0.00020526,0.000226341,0.000149786,133,24,0,0,64,65,0,0,24,32
rbac_with_resource_roles_policy.csv,8,singleton,mixed-move,accepted,648,1422,6,152,152,8,8,0.004691413,0.005553634,0.005213131,0.000160052,0.000250899,0.000204549,0.000286974,401,44,22,20,126,181,0,20,40,56
rbac_with_resource_roles_policy.csv,8,singleton,restore-all,accepted,648,1422,6,152,176,0,8,0.004138539,0.004525503,0.006037075,5.8469e-05,0.000242146,0.000215746,0.000167363,355,24,24,24,64,120,0,24,24,32
rbac_with_resource_roles_policy.csv,16,temporal,start-shift,accepted,1296,2862,6,360,357,1,0,0.00754419,0.011900377,0.011404288,7.3981e-05,0.000457591,0.000169096,9.8629e-05,60,3,0,0,8,8,0,2,3,18
rbac_with_resource_roles_policy.csv,16,temporal,restore-start,accepted,1296,2862,6,357,360,0,1,0.007276847,0.0093318,0.010277306,0.000168324,0.000464261,0.000167653,6.6911e-05,86,3,3,3,8,15,0,2,3,18
rbac_with_resource_roles_policy.csv,16,temporal,end-shrink,accepted,1296,2862,6,360,336,8,0,0.007186681,0.009040619,0.055553745,0.000101533,0.00041057,0.000240292,0.000115014,143,24,0,0,64,65,0,2,24,144
rbac_with_resource_roles_policy.csv,16,temporal,restore-end,accepted,1296,2862,6,336,360,0,8,0.007336005,0.009130886,0.010333562,8.8103e-05,0.000457761,0.000177278,0.00014583,374,24,24,24,64,120,0,2,24,144
rbac_with_resource_roles_policy.csv,16,temporal,overlap-add,accepted,1296,2862,6,360,360,0,0,0.007204757,0.009499513,0.01023993,3.9911e-05,0.000387646,0.000166181,1.4612e-05,50,0,0,0,0,0,0,0,0,0
rbac_with_resource_roles_policy.csv,16,temporal,overlap-shrink,accepted,1296,2862,6,360,360,0,0,0.008315334,0.009714867,0.010848269,5.4813e-05,0.00039771,0.00017232,1.6806e-05,50,0,0,0,0,0,0,0,0,0
rbac_with_resource_roles_policy.csv,16,temporal,overlap-normalize,accepted,1296,2862,6,360,360,0,0,0.007013669,0.058393352,0.014369996,6.1693e-05,0.000511052,0.000337169,2.2494e-05,50,0,0,0,0,0,0,0,0,0
rbac_with_resource_roles_policy.csv,16,temporal,membership-remove,accepted,1296,2862,6,360,235,16,0,0.00720652,0.011504078,0.010773516,0.000438141,0.000380765,0.000137247,0.000519575,546,125,0,0,445,477,0,0,202,1116
rbac_with_resource_roles_policy.csv,16,temporal,membership-restore,accepted,1296,2862,6,235,360,0,16,0.007121242,0.011202984,0.011476748,0.000272541,0.000597983,0.000222225,0.000637273,1837,125,125,202,397,650,0,10,202,1116
rbac_with_resource_roles_policy.csv,16,temporal,mixed-shrink,accepted,1296,2862,6,360,312,16,0,0.007695399,0.009535096,0.011556889,0.000170087,0.00041754,0.000174864,0.000195815,247,48,0,0,128,129,0,4,48,288
rbac_with_resource_roles_policy.csv,16,temporal,mixed-move,accepted,1296,2862,6,312,312,16,16,0.007261744,0.059697942,0.010671782,0.00025816,0.000425984,0.000174183,0.000383128,881,92,46,44,254,365,0,4,88,528
rbac_with_resource_roles_policy.csv,16,temporal,restore-all,accepted,1296,2862,6,312,360,0,16,0.007235664,0.009652553,0.012131986,0.000116916,0.000366083,0.000220844,0.000300143,719,48,48,48,128,240,0,4,48,288
rbac_with_resource_roles_policy.csv,16,singleton,start-shift,accepted,1296,2862,6,360,357,1,0,0.00823287,0.072487641,0.011327973,8.0782e-05,0.000481687,0.000401386,5.5203e-05,60,3,0,0,8,8,0,0,3,4
rbac_with_resource_roles_policy.csv,16,singleton,restore-start,accepted,1296,2862,6,357,360,0,1,0.007395285,0.01074351,0.010786756,5.0166e-05,0.000435928,0.000447556,5.959e-05,86,3,3,3,8,15,0,3,3,4
rbac_with_resource_roles_policy.csv,16,singleton,end-shrink,accepted,1296,2862,6,360,336,8,0,0.007235494,0.010434404,0.011122663,0.000105429,0.00040431,0.000374055,0.000129315,143,24,0,0,64,65,0,0,24,32
rbac_with_resource_roles_policy.csv,16,singleton,restore-end,accepted,1296,2862,6,336,360,0,8,0.007425821,0.010920788,0.011078035,7.7046e-05,0.000380555,0.000413624,0.000163147,374,24,24,24,64,120,0,24,24,32
rbac_with_resource_roles_policy.csv,16,singleton,overlap-add,accepted,1296,2862,6,360,360,0,0,0.0075843,0.060407684,0.011595868,5.4382e-05,0.000485473,0.000449369,2.0751e-05,50,0,0,0,0,0,0,0,0,0
rbac_with_resource_roles_policy.csv,16,singleton,overlap-shrink,accepted,1296,2862,6,360,360,0,0,0.008269405,0.012548996,0.01202838,4.605e-05,0.000441296,0.000396078,2.0691e-05,50,0,0,0,0,0,0,0,0,0
rbac_with_resource_roles_policy.csv,16,singleton,overlap-normalize,accepted,1296,2862,6,360,360,0,0,0.007541196,0.010106779,0.010920608,7.4202e-05,0.000406564,0.000396258,1.8618e-05,50,0,0,0,0,0,0,0,0,0
rbac_with_resource_roles_policy.csv,16,singleton,membership-remove,accepted,1296,2862,6,360,235,16,0,0.007559253,0.012011705,0.011507113,0.000406213,0.00040421,0.000354805,0.000682901,546,125,0,0,445,477,0,0,202,218
rbac_with_resource_roles_policy.csv,16,singleton,membership-restore,accepted,1296,2862,6,235,360,0,16,0.054187802,0.0103193,0.011515106,0.000242006,0.000451422,0.000471832,0.000851575,1837,125,125,202,397,650,0,202,202,218
rbac_with_resource_roles_policy.csv,16,singleton,mixed-shrink,accepted,1296,2862,6,360,312,16,0,0.008216826,0.010196254,0.01135174,0.000166752,0.000475007,0.000436429,0.000230388,247,48,0,0,128,129,0,0,48,64
rbac_with_resource_roles_policy.csv,16,singleton,mixed-move,accepted,1296,2862,6,312,312,16,16,0.060405631,0.017395372,0.017463857,0.001620186,0.000428296,0.000472773,0.000570512,881,92,46,44,254,365,0,44,88,120
rbac_with_resource_roles_policy.csv,16,singleton,restore-all,accepted,1296,2862,6,312,360,0,16,0.007565502,0.01046514,0.069413269,0.000114813,0.000488908,0.000487676,0.000300925,719,48,48,48,128,240,0,48,48,64
rbac_with_resource_roles_policy.csv,32,temporal,start-shift,accepted,2592,5742,6,728,725,1,0,0.014502015,0.081880142,0.022093717,0.000128674,0.000990245,0.000370269,8.1984e-05,60,3,0,0,8,8,0,2,3,21
rbac_with_resource_roles_policy.csv,32,temporal,restore-start,accepted,2592,5742,6,725,728,0,1,0.01517395,0.018038754,0.021848026,9.6566e-05,0.001002313,0.000371952,8.5449e-05,86,3,3,3,8,15,0,2,3,21
rbac_with_resource_roles_policy.csv,32,temporal,end-shrink,accepted,2592,5742,6,728,680,16,0,0.01492884,0.069023421,0.021488283,0.000211849,0.001037787,0.000316137,0.000203176,241,48,0,0,128,129,0,2,48,336
rbac_with_resource_roles_policy.csv,32,temporal,restore-end,accepted,2592,5742,6,680,728,0,16,0.014699333,0.019446099,0.024837129,0.000202285,0.001032169,0.000426263,0.00025843,720,48,48,48,128,240,0,2,48,336
rbac_with_resource_roles_policy.csv,32,temporal,overlap-add,accepted,2592,5742,6,728,728,0,0,0.07375198,0.019191435,0.02301665,8.66e-05,0.00131103,0.000627007,5.8589e-05,50,0,0,0,0,0,0,0,0,0
rbac_with_resource_roles_policy.csv,32,temporal,overlap-shrink,accepted,2592,5742,6,728,728,0,0,0.015781557,0.018276534,0.084232383,8.0642e-05,0.001069365,0.000443399,2.3406e-05,50,0,0,0,0,0,0,0,0,0
rbac_with_resource_roles_policy.csv,32,temporal,overlap-normalize,accepted,2592,5742,6,728,728,0,0,0.015421804,0.020614593,0.02240038,9.267e-05,0.001115835,0.000386604,2.1973e-05,50,0,0,0,0,0,0,0,0,0
rbac_with_resource_roles_policy.csv,32,temporal,membership-remove,accepted,2592,5742,6,728,475,32,0,0.016026667,0.078187697,0.02222776,0.000863403,0.000839688,0.000232331,0.001015573,1182,253,0,0,893,957,0,0,410,2678
rbac_with_resource_roles_policy.csv,32,temporal,membership-restore,accepted,2592,5742,6,475,728,0,32,0.014418058,0.019409674,0.020757279,0.000532904,0.001043967,0.00033167,0.0011993,3957,253,253,410,797,1306,0,10,410,2678
rbac_with_resource_roles_policy.csv,32,temporal,mixed-shrink,accepted,2592,5742,6,728,632,32,0,0.014147851,0.085453076,0.025926233,0.000446824,0.001027732,0.000388687,0.000431732,449,96,0,0,256,257,0,4,96,672
rbac_with_resource_roles_policy.csv,32,temporal,mixed-move,accepted,2592,5742,6,632,632,32,32,0.015340131,0.018542836,0.021139276,0.000544372,0.001008472,0.00031777,0.0007283,1785,188,94,92,510,733,0,4,184,1288
rbac_with_resource_roles_policy.csv,32,temporal,restore-all,accepted,2592,5742,6,632,728,0,32,0.075411616,0.019690538,0.021375351,0.000268315,0.001020701,0.000426214,0.000552174,1405,96,96,96,256,480,0,4,96,672
rbac_with_resource_roles_policy.csv,32,singleton,start-shift,accepted,2592,5742,6,728,725,1,0,0.01515479,0.019984672,0.02281132,0.000117978,0.001246863,0.001204018,6.4207e-05,60,3,0,0,8,8,0,0,3,4
rbac_with_resource_roles_policy.csv,32,singleton,restore-start,accepted,2592,5742,6,725,728,0,1,0.072956516,0.019528733,0.022786892,0.000103005,0.001197798,0.000903784,7.5874e-05,86,3,3,3,8,15,0,3,3,4
rbac_with_resource_roles_policy.csv,32,singleton,end-shrink,accepted,2592,5742,6,728,680,16,0,0.015040858,0.018971993,0.087388766,0.000229687,0.001130918,0.000941531,0.000241304,241,48,0,0,128,129,0,0,48,64
rbac_with_resource_roles_policy.csv,32,singleton,restore-end,accepted,2592,5742,6,680,728,0,16,0.015053898,0.020340229,0.021651629,0.000188464,0.001140802,0.001120792,0.000401396,720,48,48,48,128,240,0,48,48,64
rbac_with_resource_roles_policy.csv,32,singleton,overlap-add,accepted,2592,5742,6,728,728,0,0,0.014680164,0.08148314,0.023553371,0.000100792,0.001215525,0.000896604,2.3024e-05,50,0,0,0,0,0,0,0,0,0
rbac_with_resource_roles_policy.csv,32,singleton,overlap-shrink,accepted,2592,5742,6,728,728,0,0,0.015050984,0.020503536,0.022914386,9.0286e-05,0.001182175,0.000897936,2.4286e-05,50,0,0,0,0,0,0,0,0,0
rbac_with_resource_roles_policy.csv,32,singleton,overlap-normalize,accepted,2592,5742,6,728,728,0,0,0.015980878,0.09015337,0.024024361,9.7958e-05,0.00124517,0.000899298,2.2955e-05,50,0,0,0,0,0,0,0,0,0
rbac_with_resource_roles_policy.csv,32,singleton,membership-remove,accepted,2592,5742,6,728,475,32,0,0.015365759,0.019159596,0.025193806,0.000839017,0.000907911,0.000586505,0.001286062,1182,253,0,0,893,957,0,0,410,442
rbac_with_resource_roles_policy.csv,32,singleton,membership-restore,accepted,2592,5742,6,475,728,0,32,0.073269029,0.022512578,0.021602355,0.000572996,0.001044407,0.000852217,0.001544001,3957,253,253,410,797,1306,0,410,410,442
rbac_with_resource_roles_policy.csv,32,singleton,mixed-shrink,accepted,2592,5742,6,728,632,32,0,0.015046717,0.020306438,0.089992016,0.000348747,0.001042204,0.000898596,0.000431081,449,96,0,0,256,257,0,0,96,128
rbac_with_resource_roles_policy.csv,32,singleton,mixed-move,accepted,2592,5742,6,632,632,32,32,0.016371327,0.0216727,0.023324294,0.00052331,0.001076065,0.000891036,0.000899758,1785,188,94,92,510,733,0,92,184,248
rbac_with_resource_roles_policy.csv,32,singleton,restore-all,accepted,2592,5742,6,632,728,0,32,0.015524108,0.019142231,0.085626756,0.000236397,0.001042163,0.001211689,0.00054305,1405,96,96,96,256,480,0,96,96,128
