family,size,partition,repetition,atoms,rules,premise_incidences,setup_wall_seconds,full_materialize_wall_seconds,dred_wall_seconds,synthesis_wall_seconds,serialize_wall_seconds,parse_wall_seconds,local_check_wall_seconds,full_check_wall_seconds,packet_bytes,accepted,local_truth_fields,local_witness_heads,local_witness_literals,local_closure_rules,local_closure_literals,local_offset_fields,local_pair_checks,local_segment_updates,local_segment_steps,dred_overdeleted,dred_rule_checks,dred_body_tests_upper_bound,full_rule_initializations,full_body_incidence_visits,full_new_firings,verify_rules,verify_rule_literals,verify_witnesses,verify_proof_literals
exchange,16,block,0,34,34,34,0.000124278,1.1066e-05,3.4993e-05,1.4251e-05,9.775e-06,9.925e-06,2.4837e-05,2.009e-05,63,True,1,1,1,0,0,1,1,1,1,33,99,99,34,33,32,34,34,33,32
exchange,16,block,1,34,34,34,0.000107282,3.6375e-05,3.4001e-05,1.2979e-05,8.032e-06,1.0797e-05,1.9139e-05,1.9379e-05,63,True,1,1,1,0,0,1,1,1,1,33,99,99,34,33,32,34,34,33,32
exchange,16,block,2,34,34,34,0.000107342,1.0196e-05,3.1698e-05,1.1848e-05,6.39e-06,7.612e-06,1.6375e-05,1.9158e-05,63,True,1,1,1,0,0,1,1,1,1,33,99,99,34,33,32,34,34,33,32
exchange,16,block,3,34,34,34,0.000102515,9.875e-06,3.2078e-05,1.1387e-05,5.889e-06,5.959e-06,4.2874e-05,1.9249e-05,63,True,1,1,1,0,0,1,1,1,1,33,99,99,34,33,32,34,34,33,32
exchange,16,block,4,34,34,34,0.000106961,1.0146e-05,3.32e-05,1.1548e-05,6.43e-06,7.902e-06,1.5783e-05,1.8869e-05,63,True,1,1,1,0,0,1,1,1,1,33,99,99,34,33,32,34,34,33,32
exchange,16,block,5,34,34,34,0.00011956,9.895e-06,3.1437e-05,1.1467e-05,6.449e-06,7.321e-06,1.5483e-05,1.8959e-05,63,True,1,1,1,0,0,1,1,1,1,33,99,99,34,33,32,34,34,33,32
exchange,16,block,6,34,34,34,9.964e-05,9.544e-06,3.1248e-05,1.0696e-05,4.997e-06,6.069e-06,1.3851e-05,1.8528e-05,63,True,1,1,1,0,0,1,1,1,1,33,99,99,34,33,32,34,34,33,32
exchange,16,scalar,0,34,34,34,0.000167032,1.0606e-05,3.297e-05,6.9905e-05,1.2109e-05,1.2449e-05,3.297e-05,1.956e-05,175,True,1,1,1,0,0,16,16,2,2,33,99,99,34,33,32,34,34,33,32
exchange,16,scalar,1,34,34,34,0.000149285,1.0456e-05,3.2529e-05,3.6756e-05,8.623e-06,1.0026e-05,2.9234e-05,1.8898e-05,175,True,1,1,1,0,0,16,16,2,2,33,99,99,34,33,32,34,34,33,32
exchange,16,scalar,2,34,34,34,0.000148514,9.825e-06,3.275e-05,3.6435e-05,7.862e-06,9.594e-06,2.7832e-05,1.8859e-05,175,True,1,1,1,0,0,16,16,2,2,33,99,99,34,33,32,34,34,33,32
exchange,16,scalar,3,34,34,34,0.000144178,1.0006e-05,4.9245e-05,3.7136e-05,8.443e-06,9.815e-06,2.7361e-05,1.8989e-05,175,True,1,1,1,0,0,16,16,2,2,33,99,99,34,33,32,34,34,33,32
exchange,16,scalar,4,34,34,34,0.000145639,1.0145e-05,3.2569e-05,3.6315e-05,7.651e-06,8.593e-06,2.7e-05,1.8618e-05,175,True,1,1,1,0,0,16,16,2,2,33,99,99,34,33,32,34,34,33,32
exchange,16,scalar,5,34,34,34,0.000147232,1.0195e-05,3.2068e-05,3.6365e-05,7.942e-06,8.383e-06,2.621e-05,1.9199e-05,175,True,1,1,1,0,0,16,16,2,2,33,99,99,34,33,32,34,34,33,32
exchange,16,scalar,6,34,34,34,0.000143577,9.955e-06,3.1808e-05,5.1719e-05,8.082e-06,8.663e-06,2.687e-05,1.9069e-05,175,True,1,1,1,0,0,16,16,2,2,33,99,99,34,33,32,34,34,33,32
exchange,64,block,0,130,130,130,0.000386093,3.5314e-05,0.000115464,3.4001e-05,1.2609e-05,1.1568e-05,2.7181e-05,6.7602e-05,64,True,1,1,1,0,0,1,1,1,1,129,387,387,130,129,128,130,130,129,128
exchange,64,block,1,130,130,130,0.000347535,3.35e-05,0.000116345,3.2389e-05,8.062e-06,8.784e-06,3.8278e-05,6.8774e-05,64,True,1,1,1,0,0,1,1,1,1,129,387,387,130,129,128,130,130,129,128
exchange,64,block,2,130,130,130,0.000341726,3.3561e-05,0.000117518,3.2509e-05,7.651e-06,8.002e-06,1.8158e-05,6.7572e-05,64,True,1,1,1,0,0,1,1,1,1,129,387,387,130,129,128,130,130,129,128
exchange,64,block,3,130,130,130,0.000399913,3.4212e-05,0.000115935,3.2759e-05,1.0215e-05,9.294e-06,1.926e-05,6.8694e-05,64,True,1,1,1,0,0,1,1,1,1,129,387,387,130,129,128,130,130,129,128
exchange,64,block,4,130,130,130,0.000365642,3.3381e-05,0.000112871,3.1798e-05,8.823e-06,8.092e-06,1.9159e-05,6.7613e-05,64,True,1,1,1,0,0,1,1,1,1,129,387,387,130,129,128,130,130,129,128
exchange,64,block,5,130,130,130,0.000358882,3.3029e-05,0.00011246,3.1507e-05,7.641e-06,8.173e-06,1.8367e-05,8.2986e-05,64,True,1,1,1,0,0,1,1,1,1,129,387,387,130,129,128,130,130,129,128
exchange,64,block,6,130,130,130,0.000342036,3.326e-05,0.000113691,3.1457e-05,6.91e-06,7.15e-06,1.7055e-05,6.7132e-05,64,True,1,1,1,0,0,1,1,1,1,129,387,387,130,129,128,130,130,129,128
exchange,64,scalar,0,130,130,130,0.000651494,3.3731e-05,0.000117037,0.000110126,1.991e-05,2.1242e-05,6.8273e-05,8.6191e-05,589,True,1,1,1,0,0,64,64,2,2,129,387,387,130,129,128,130,130,129,128
exchange,64,scalar,1,130,130,130,0.000742321,3.7496e-05,0.000147632,0.00011247,2.2544e-05,2.4898e-05,7.269e-05,6.9835e-05,589,True,1,1,1,0,0,64,64,2,2,129,387,387,130,129,128,130,130,129,128
exchange,64,scalar,2,130,130,130,0.000512563,5.4272e-05,0.000149025,0.00011235,2.0791e-05,2.2504e-05,6.9485e-05,7.2049e-05,589,True,1,1,1,0,0,64,64,2,2,129,387,387,130,129,128,130,130,129,128
exchange,64,scalar,3,130,130,130,0.000544803,3.4041e-05,0.000114773,0.000109755,1.9369e-05,2.0982e-05,6.7322e-05,7.1218e-05,589,True,1,1,1,0,0,64,64,2,2,129,387,387,130,129,128,130,130,129,128
exchange,64,scalar,4,130,130,130,0.000531813,9.7397e-05,0.000122155,0.000111969,2.2283e-05,2.2704e-05,9.265e-05,6.8864e-05,589,True,1,1,1,0,0,64,64,2,2,129,387,387,130,129,128,130,130,129,128
exchange,64,scalar,5,130,130,130,0.000584092,3.4852e-05,0.000116616,0.000110096,2.0261e-05,2.2654e-05,6.7853e-05,0.000332882,589,True,1,1,1,0,0,64,64,2,2,129,387,387,130,129,128,130,130,129,128
exchange,64,scalar,6,130,130,130,0.00052375,3.5193e-05,0.000120953,0.000109876,2.1172e-05,5.3541e-05,7.1197e-05,7.1277e-05,589,True,1,1,1,0,0,64,64,2,2,129,387,387,130,129,128,130,130,129,128
exchange,256,block,0,514,514,514,0.001605784,0.000127583,0.000501998,0.000116876,1.6545e-05,1.329e-05,3.1528e-05,0.00027795,65,True,1,1,1,0,0,1,1,1,1,513,1539,1539,514,513,512,514,514,513,512
exchange,256,block,1,514,514,514,0.001505403,0.000129104,0.000458813,0.000116455,1.2218e-05,1.1327e-05,2.3916e-05,0.000280383,65,True,1,1,1,0,0,1,1,1,1,513,1539,1539,514,513,512,514,514,513,512
exchange,256,block,2,514,514,514,0.001495378,0.000130126,0.000460796,0.000115885,1.0045e-05,1.0315e-05,2.2123e-05,0.000308696,65,True,1,1,1,0,0,1,1,1,1,513,1539,1539,514,513,512,514,514,513,512
exchange,256,block,3,514,514,514,0.001755641,0.000129144,0.000471352,0.00017226,1.3931e-05,1.2449e-05,2.5949e-05,0.000281065,65,True,1,1,1,0,0,1,1,1,1,513,1539,1539,514,513,512,514,514,513,512
exchange,256,block,4,514,514,514,0.001580175,0.000128284,0.000473745,0.000116666,1.2078e-05,1.1327e-05,2.3355e-05,0.00027857,65,True,1,1,1,0,0,1,1,1,1,513,1539,1539,514,513,512,514,514,513,512
exchange,256,block,5,514,514,514,0.001501657,0.000127583,0.00045698,0.000116166,1.0295e-05,1.0506e-05,2.2674e-05,0.000287965,65,True,1,1,1,0,0,1,1,1,1,513,1539,1539,514,513,512,514,514,513,512
exchange,256,block,6,514,514,514,0.001484792,0.000128635,0.000454507,0.000260903,1.2789e-05,1.297e-05,2.626e-05,0.000305762,65,True,1,1,1,0,0,1,1,1,1,513,1539,1539,514,513,512,514,514,513,512
exchange,256,scalar,0,514,514,514,0.042375837,0.000153391,0.000511072,0.000431642,6.1252e-05,7.23e-05,0.000234794,0.000307855,2509,True,1,1,1,0,0,256,256,2,2,513,1539,1539,514,513,512,514,514,513,512
exchange,256,scalar,1,514,514,514,0.002608578,0.000211369,0.000498833,0.000443059,4.8713e-05,5.7778e-05,0.00021843,0.000286323,2509,True,1,1,1,0,0,256,256,2,2,513,1539,1539,514,513,512,514,514,513,512
exchange,256,scalar,2,514,514,514,0.002356157,0.000131068,0.000467286,0.000482969,4.7422e-05,5.8017e-05,0.000219702,0.000318341,2509,True,1,1,1,0,0,256,256,2,2,513,1539,1539,514,513,512,514,514,513,512
exchange,256,scalar,3,514,514,514,0.002883293,0.000137147,0.000453605,0.000438181,5.0266e-05,5.7597e-05,0.000225311,0.000302197,2509,True,1,1,1,0,0,256,256,2,2,513,1539,1539,514,513,512,514,514,513,512
exchange,256,scalar,4,514,514,514,0.002494226,0.000134002,0.000515599,0.000404681,4.8854e-05,7.4212e-05,0.000221154,0.000287003,2509,True,1,1,1,0,0,256,256,2,2,513,1539,1539,514,513,512,514,514,513,512
exchange,256,scalar,5,514,514,514,0.002396148,0.000281795,0.000480155,0.000418251,4.8944e-05,5.917e-05,0.000243798,0.000388016,2509,True,1,1,1,0,0,256,256,2,2,513,1539,1539,514,513,512,514,514,513,512
exchange,256,scalar,6,514,514,514,0.002757724,0.000133702,0.000470561,0.000488046,4.8744e-05,5.5924e-05,0.000221785,0.000287064,2509,True,1,1,1,0,0,256,256,2,2,513,1539,1539,514,513,512,514,514,513,512
exchange,1024,block,0,2050,2050,2050,0.008757422,0.000564813,0.002207543,0.000455858,3.1377e-05,4.4277e-05,4.4877e-05,0.001219231,67,True,1,1,1,0,0,1,1,1,1,2049,6147,6147,2050,2049,2048,2050,2050,2049,2048
exchange,1024,block,1,2050,2050,2050,0.008186049,0.000619906,0.001848011,0.000452463,2.4016e-05,2.2714e-05,3.2429e-05,0.001184679,67,True,1,1,1,0,0,1,1,1,1,2049,6147,6147,2050,2049,2048,2050,2050,2049,2048
exchange,1024,block,2,2050,2050,2050,0.005804383,0.000495618,0.001842461,0.000471182,1.8758e-05,2.0691e-05,2.7782e-05,0.001235345,67,True,1,1,1,0,0,1,1,1,1,2049,6147,6147,2050,2049,2048,2050,2050,2049,2048
exchange,1024,block,3,2050,2050,2050,0.005751703,0.000640487,0.002500375,0.000488688,1.8087e-05,1.7687e-05,3.0576e-05,0.001207883,67,True,1,1,1,0,0,1,1,1,1,2049,6147,6147,2050,2049,2048,2050,2050,2049,2048
exchange,1024,block,4,2050,2050,2050,0.005935801,0.000523831,0.002129595,0.000487796,1.8267e-05,1.7447e-05,2.9024e-05,0.001213452,67,True,1,1,1,0,0,1,1,1,1,2049,6147,6147,2050,2049,2048,2050,2050,2049,2048
exchange,1024,block,5,2050,2050,2050,0.006013429,0.000508528,0.002018948,0.000560446,2.4727e-05,2.1032e-05,3.1568e-05,0.001218019,67,True,1,1,1,0,0,1,1,1,1,2049,6147,6147,2050,2049,2048,2050,2050,2049,2048
exchange,1024,block,6,2050,2050,2050,0.007024435,0.000563741,0.001922612,0.00049691,2.012e-05,1.8187e-05,2.8563e-05,0.001293022,67,True,1,1,1,0,0,1,1,1,1,2049,6147,6147,2050,2049,2048,2050,2050,2049,2048
exchange,1024,scalar,0,2050,2050,2050,0.015142551,0.000775952,0.002711133,0.00203318,0.000167613,0.000257078,0.00088764,0.00143053,11239,True,1,1,1,0,0,1024,1024,2,2,2049,6147,6147,2050,2049,2048,2050,2050,2049,2048
exchange,1024,scalar,1,2050,2050,2050,0.012322484,0.000566635,0.00207999,0.00217285,0.000148034,0.000218049,0.000848721,0.001436859,11239,True,1,1,1,0,0,1024,1024,2,2,2049,6147,6147,2050,2049,2048,2050,2050,2049,2048
exchange,1024,scalar,2,2050,2050,2050,0.010765072,0.000520045,0.001906098,0.002287143,0.000145309,0.000189025,0.000856974,0.001323117,11239,True,1,1,1,0,0,1024,1024,2,2,2049,6147,6147,2050,2049,2048,2050,2050,2049,2048
exchange,1024,scalar,3,2050,2050,2050,0.05569767,0.000608439,0.00220553,0.002173802,0.000156787,0.0001982,0.000893359,0.001316908,11239,True,1,1,1,0,0,1024,1024,2,2,2049,6147,6147,2050,2049,2048,2050,2050,2049,2048
exchange,1024,scalar,4,2050,2050,2050,0.010401043,0.000564893,0.001977686,0.002116265,0.000146621,0.000188345,0.000864906,0.001341725,11239,True,1,1,1,0,0,1024,1024,2,2,2049,6147,6147,2050,2049,2048,2050,2050,2049,2048
exchange,1024,scalar,5,2050,2050,2050,0.010500133,0.000566776,0.002278079,0.002219901,0.000187833,0.000186782,0.000873408,0.001328325,11239,True,1,1,1,0,0,1024,1024,2,2,2049,6147,6147,2050,2049,2048,2050,2050,2049,2048
exchange,1024,scalar,6,2050,2050,2050,0.011245077,0.000656181,0.002048723,0.002861961,0.000147042,0.000186421,0.000857534,0.001279632,11239,True,1,1,1,0,0,1024,1024,2,2,2049,6147,6147,2050,2049,2048,2050,2050,2049,2048
exchange,4096,block,0,8194,8194,8194,0.024862135,0.002078499,0.007401905,0.00183473,4.0511e-05,3.364e-05,5.1758e-05,0.004868129,67,True,1,1,1,0,0,1,1,1,1,8193,24579,24579,8194,8193,8192,8194,8194,8193,8192
exchange,4096,block,1,8194,8194,8194,0.024517686,0.002085979,0.007367323,0.001832947,3.4031e-05,3.2389e-05,4.5619e-05,0.004936553,67,True,1,1,1,0,0,1,1,1,1,8193,24579,24579,8194,8193,8192,8194,8194,8193,8192
exchange,4096,block,2,8194,8194,8194,0.023757447,0.002148193,0.00732536,0.001952979,3.4873e-05,3.1658e-05,5.8067e-05,0.004953999,67,True,1,1,1,0,0,1,1,1,1,8193,24579,24579,8194,8193,8192,8194,8194,8193,8192
exchange,4096,block,3,8194,8194,8194,0.02415625,0.00210629,0.007845024,0.001893288,3.5985e-05,3.2759e-05,4.2494e-05,0.004962101,67,True,1,1,1,0,0,1,1,1,1,8193,24579,24579,8194,8193,8192,8194,8194,8193,8192
exchange,4096,block,4,8194,8194,8194,0.024503554,0.002108103,0.007605753,0.001945627,3.6335e-05,3.2049e-05,4.1502e-05,0.005235264,67,True,1,1,1,0,0,1,1,1,1,8193,24579,24579,8194,8193,8192,8194,8194,8193,8192
exchange,4096,block,5,8194,8194,8194,0.025006594,0.003059298,0.008089033,0.002014632,3.5593e-05,5.0296e-05,4.6981e-05,0.005209985,67,True,1,1,1,0,0,1,1,1,1,8193,24579,24579,8194,8193,8192,8194,8194,8193,8192
exchange,4096,block,6,8194,8194,8194,0.025357803,0.003182054,0.009316836,0.00212606,3.291e-05,3.1648e-05,4.6109e-05,0.005177768,67,True,1,1,1,0,0,1,1,1,1,8193,24579,24579,8194,8193,8192,8194,8194,8193,8192
exchange,4096,scalar,0,8194,8194,8194,0.042458661,0.004952486,0.010040909,0.073077558,0.000618183,0.000849372,0.004029343,0.006812866,48103,True,1,1,1,0,0,4096,4096,2,2,8193,24579,24579,8194,8193,8192,8194,8194,8193,8192
exchange,4096,scalar,1,8194,8194,8194,0.047595948,0.004478993,0.010062281,0.01220098,0.00063589,0.000824024,0.003717282,0.007343858,48103,True,1,1,1,0,0,4096,4096,2,2,8193,24579,24579,8194,8193,8192,8194,8194,8193,8192
exchange,4096,scalar,2,8194,8194,8194,0.055531187,0.003723431,0.01012005,0.012863951,0.000747349,0.000866017,0.003903353,0.006622509,48103,True,1,1,1,0,0,4096,4096,2,2,8193,24579,24579,8194,8193,8192,8194,8194,8193,8192
exchange,4096,scalar,3,8194,8194,8194,0.125866074,0.005968751,0.012190465,0.013402184,0.000679626,0.000897986,0.004244688,0.007876211,48103,True,1,1,1,0,0,4096,4096,2,2,8193,24579,24579,8194,8193,8192,8194,8194,8193,8192
exchange,4096,scalar,4,8194,8194,8194,0.147910105,0.004465051,0.012696208,0.017423045,0.000687658,0.000904396,0.00413291,0.008810351,48103,True,1,1,1,0,0,4096,4096,2,2,8193,24579,24579,8194,8193,8192,8194,8194,8193,8192
exchange,4096,scalar,5,8194,8194,8194,0.057024011,0.004850974,0.011468445,0.014142641,0.000671593,0.000875542,0.004407515,0.009467974,48103,True,1,1,1,0,0,4096,4096,2,2,8193,24579,24579,8194,8193,8192,8194,8194,8193,8192
exchange,4096,scalar,6,8194,8194,8194,0.064931139,0.004099368,0.010243916,0.015366198,0.000725426,0.000958788,0.004511091,0.009037984,48103,True,1,1,1,0,0,4096,4096,2,2,8193,24579,24579,8194,8193,8192,8194,8194,8193,8192
exchange,16384,block,0,32770,32770,32770,0.13775902,0.008958135,0.032500468,0.00833903,4.0662e-05,3.4232e-05,6.3466e-05,0.019889388,69,True,1,1,1,0,0,1,1,1,1,32769,98307,98307,32770,32769,32768,32770,32770,32769,32768
exchange,16384,block,1,32770,32770,32770,0.186082095,0.008608697,0.032909855,0.008221231,3.9149e-05,3.4031e-05,5.6104e-05,0.020412328,69,True,1,1,1,0,0,1,1,1,1,32769,98307,98307,32770,32769,32768,32770,32770,32769,32768
exchange,16384,block,2,32770,32770,32770,0.189615289,0.008549678,0.032342239,0.007726605,4.0691e-05,3.2689e-05,5.2159e-05,0.022883257,69,True,1,1,1,0,0,1,1,1,1,32769,98307,98307,32770,32769,32768,32770,32770,32769,32768
exchange,16384,block,3,32770,32770,32770,0.200552401,0.009614496,0.034473506,0.008367964,4.0681e-05,3.3511e-05,5.5383e-05,0.023720001,69,True,1,1,1,0,0,1,1,1,1,32769,98307,98307,32770,32769,32768,32770,32770,32769,32768
exchange,16384,block,4,32770,32770,32770,0.201662227,0.009778403,0.036843594,0.008794618,3.8448e-05,3.2699e-05,5.4542e-05,0.022937489,69,True,1,1,1,0,0,1,1,1,1,32769,98307,98307,32770,32769,32768,32770,32770,32769,32768
exchange,16384,block,5,32770,32770,32770,0.221067443,0.013891263,0.041986199,0.009407272,3.918e-05,3.3641e-05,5.5474e-05,0.022915046,69,True,1,1,1,0,0,1,1,1,1,32769,98307,98307,32770,32769,32768,32770,32770,32769,32768
exchange,16384,block,6,32770,32770,32770,0.230863183,0.01128698,0.042312281,0.009638392,3.8158e-05,3.7356e-05,5.292e-05,0.023843577,69,True,1,1,1,0,0,1,1,1,1,32769,98307,98307,32770,32769,32768,32770,32770,32769,32768
exchange,16384,scalar,0,32770,32770,32770,0.405648642,0.01264472,0.042433344,0.175243826,0.003059328,0.004171999,0.018608254,0.038274345,218329,True,1,1,1,0,0,16384,16384,2,2,32769,98307,98307,32770,32769,32768,32770,32770,32769,32768
exchange,16384,scalar,1,32770,32770,32770,0.477158874,0.014447262,0.044808139,0.178898604,0.003100702,0.003747578,0.01818203,0.035048855,218329,True,1,1,1,0,0,16384,16384,2,2,32769,98307,98307,32770,32769,32768,32770,32770,32769,32768
exchange,16384,scalar,2,32770,32770,32770,0.499276046,0.016013016,0.052715226,0.070037419,0.003087211,0.003964756,0.018288682,0.034831958,218329,True,1,1,1,0,0,16384,16384,2,2,32769,98307,98307,32770,32769,32768,32770,32770,32769,32768
exchange,16384,scalar,3,32770,32770,32770,0.651571341,0.018883119,0.064600991,0.080442569,0.003414826,0.005156435,0.02062599,0.041361306,218329,True,1,1,1,0,0,16384,16384,2,2,32769,98307,98307,32770,32769,32768,32770,32770,32769,32768
exchange,16384,scalar,4,32770,32770,32770,0.573777352,0.030043118,0.058835037,0.08215875,0.003621748,0.004012308,0.0190293,0.045513794,218329,True,1,1,1,0,0,16384,16384,2,2,32769,98307,98307,32770,32769,32768,32770,32770,32769,32768
exchange,16384,scalar,5,32770,32770,32770,0.648537371,0.01995701,0.065330262,0.087068832,0.003570841,0.004535898,0.020803948,0.047084626,218329,True,1,1,1,0,0,16384,16384,2,2,32769,98307,98307,32770,32769,32768,32770,32770,32769,32768
exchange,16384,scalar,6,32770,32770,32770,0.643181025,0.028332194,0.07665504,0.085441695,0.003533614,0.004375306,0.019097483,0.045035292,218329,True,1,1,1,0,0,16384,16384,2,2,32769,98307,98307,32770,32769,32768,32770,32770,32769,32768
star,16,block,0,18,32,32,0.000148544,8.523e-06,2.1783e-05,1.2008e-05,1.3811e-05,1.4051e-05,6.9304e-05,1.4181e-05,165,True,1,16,16,0,0,0,1,32,192,17,48,48,32,16,16,32,32,17,16
star,16,block,1,18,32,32,9.218e-05,6.94e-06,1.995e-05,2.8864e-05,1.0326e-05,1.1568e-05,6.3716e-05,1.33e-05,165,True,1,16,16,0,0,0,1,32,192,17,48,48,32,16,16,32,32,17,16
star,16,block,2,18,32,32,9.0627e-05,7.061e-06,1.997e-05,9.645e-06,8.142e-06,9.694e-06,5.943e-05,1.2589e-05,165,True,1,16,16,0,0,0,1,32,192,17,48,48,32,16,16,32,32,17,16
star,16,block,3,18,32,32,9.0196e-05,6.81e-06,1.974e-05,9.334e-06,8.102e-06,8.893e-06,5.8839e-05,1.2579e-05,165,True,1,16,16,0,0,0,1,32,192,17,48,48,32,16,16,32,32,17,16
star,16,block,4,18,32,32,8.6872e-05,6.62e-06,1.8978e-05,8.864e-06,6.86e-06,8.703e-06,5.8368e-05,1.2178e-05,165,True,1,16,16,0,0,0,1,32,192,17,48,48,32,16,16,32,32,17,16
star,16,block,5,18,32,32,8.564e-05,6.44e-06,1.8678e-05,9.013e-06,8.924e-06,2.5168e-05,5.8819e-05,1.2218e-05,165,True,1,16,16,0,0,0,1,32,192,17,48,48,32,16,16,32,32,17,16
star,16,block,6,18,32,32,8.617e-05,6.409e-06,1.8789e-05,9.003e-06,7.391e-06,9.164e-06,5.7086e-05,1.2278e-05,165,True,1,16,16,0,0,0,1,32,192,17,48,48,32,16,16,32,32,17,16
star,64,block,0,66,128,128,0.00034431,2.2104e-05,6.4738e-05,2.675e-05,2.3785e-05,2.4638e-05,0.000217268,6.8243e-05,563,True,1,64,64,0,0,0,1,128,1024,65,192,192,128,64,64,128,128,65,64
star,64,block,1,66,128,128,0.000288405,8.5509e-05,6.4728e-05,2.672e-05,2.043e-05,2.2815e-05,0.000550621,9.5565e-05,563,True,1,64,64,0,0,0,1,128,1024,65,192,192,128,64,64,128,128,65,64
star,64,block,2,66,128,128,0.000328856,2.2014e-05,6.3005e-05,2.6731e-05,2.1723e-05,2.3625e-05,0.000222056,4.3425e-05,563,True,1,64,64,0,0,0,1,128,1024,65,192,192,128,64,64,128,128,65,64
star,64,block,3,66,128,128,0.000310519,2.1642e-05,6.4227e-05,2.9614e-05,2.0842e-05,2.1263e-05,0.000210678,4.4026e-05,563,True,1,64,64,0,0,0,1,128,1024,65,192,192,128,64,64,128,128,65,64
star,64,block,4,66,128,128,0.000398161,2.2423e-05,8.9565e-05,2.6991e-05,1.9991e-05,2.2184e-05,0.000210808,4.4748e-05,563,True,1,64,64,0,0,0,1,128,1024,65,192,192,128,64,64,128,128,65,64
star,64,block,5,66,128,128,0.000315506,2.1021e-05,6.1603e-05,2.5398e-05,1.7988e-05,2.0011e-05,0.000224239,4.4427e-05,563,True,1,64,64,0,0,0,1,128,1024,65,192,192,128,64,64,128,128,65,64
star,64,block,6,66,128,128,0.000286662,2.0501e-05,6.1323e-05,2.4647e-05,1.7166e-05,1.958e-05,0.00020577,4.8393e-05,563,True,1,64,64,0,0,0,1,128,1024,65,192,192,128,64,64,128,128,65,64
star,256,block,0,258,512,512,0.00131165,7.7437e-05,0.000236517,8.641e-05,4.6531e-05,5.6675e-05,0.000933009,0.000171109,2449,True,1,256,256,0,0,0,1,512,5120,257,768,768,512,256,256,512,512,257,256
star,256,block,1,258,512,512,0.001323257,7.7006e-05,0.000234804,8.7662e-05,4.5629e-05,0.000106791,0.000895051,0.000199672,2449,True,1,256,256,0,0,0,1,512,5120,257,768,768,512,256,256,512,512,257,256
star,256,block,2,258,512,512,0.001140021,7.5284e-05,0.000234985,8.8253e-05,4.3485e-05,6.8253e-05,0.000903324,0.000188434,2449,True,1,256,256,0,0,0,1,512,5120,257,768,768,512,256,256,512,512,257,256
star,256,block,3,258,512,512,0.001104487,7.5244e-05,0.000260573,8.4888e-05,4.4307e-05,7.0897e-05,0.000895812,0.000190557,2449,True,1,256,256,0,0,0,1,512,5120,257,768,768,512,256,256,512,512,257,256
star,256,block,4,258,512,512,0.001121563,7.5514e-05,0.000234755,8.5419e-05,4.1933e-05,5.3591e-05,0.000930585,0.000186832,2449,True,1,256,256,0,0,0,1,512,5120,257,768,768,512,256,256,512,512,257,256
star,256,block,5,258,512,512,0.001324269,7.8398e-05,0.000237168,0.000116516,4.4407e-05,5.6445e-05,0.00104657,0.000179341,2449,True,1,256,256,0,0,0,1,512,5120,257,768,768,512,256,256,512,512,257,256
star,256,block,6,258,512,512,0.001234634,0.000100862,0.000240423,8.617e-05,4.5399e-05,5.5213e-05,0.000904265,0.00017205,2449,True,1,256,256,0,0,0,1,512,5120,257,768,768,512,256,256,512,512,257,256
star,1024,block,0,1026,2048,2048,0.00504023,0.000309447,0.001004887,0.000357139,0.000150467,0.000193792,0.004211217,0.000778686,10679,True,1,1024,1024,0,0,0,1,2048,24576,1025,3072,3072,2048,1024,1024,2048,2048,1025,1024
star,1024,block,1,1026,2048,2048,0.004693696,0.000329217,0.000957015,0.000345912,0.000133521,0.000179811,0.004141252,0.00082788,10679,True,1,1024,1024,0,0,0,1,2048,24576,1025,3072,3072,2048,1024,1024,2048,2048,1025,1024
star,1024,block,2,1026,2048,2048,0.004675038,0.0003046,0.000970936,0.000349087,0.000135063,0.000179401,0.004246642,0.000736592,10679,True,1,1024,1024,0,0,0,1,2048,24576,1025,3072,3072,2048,1024,1024,2048,2048,1025,1024
star,1024,block,3,1026,2048,2048,0.004877523,0.000320995,0.000969494,0.000337009,0.000133842,0.000202796,0.004083074,0.000786808,10679,True,1,1024,1024,0,0,0,1,2048,24576,1025,3072,3072,2048,1024,1024,2048,2048,1025,1024
star,1024,block,4,1026,2048,2048,0.005678963,0.000328536,0.001016925,0.000362848,0.000142465,0.000187694,0.004247192,0.000754679,10679,True,1,1024,1024,0,0,0,1,2048,24576,1025,3072,3072,2048,1024,1024,2048,2048,1025,1024
star,1024,block,5,1026,2048,2048,0.004780417,0.000308606,0.001009634,0.000365813,0.000132921,0.00017918,0.004533043,0.000762121,10679,True,1,1024,1024,0,0,0,1,2048,24576,1025,3072,3072,2048,1024,1024,2048,2048,1025,1024
star,1024,block,6,1026,2048,2048,0.004706205,0.000690903,0.001077517,0.000368786,0.000153141,0.000187343,0.004724773,0.001015093,10679,True,1,1024,1024,0,0,0,1,2048,24576,1025,3072,3072,2048,1024,1024,2048,2048,1025,1024
star,4096,block,0,4098,8192,8192,0.023464374,0.002068923,0.004173992,0.001447094,0.000696942,0.000786778,0.021073965,0.003779245,47543,True,1,4096,4096,0,0,0,1,8192,114688,4097,12288,12288,8192,4096,4096,8192,8192,4097,4096
star,4096,block,1,4098,8192,8192,0.019926323,0.001261444,0.003912928,0.001344139,0.000668019,0.000785045,0.063534758,0.003422047,47543,True,1,4096,4096,0,0,0,1,8192,114688,4097,12288,12288,8192,4096,4096,8192,8192,4097,4096
star,4096,block,2,4098,8192,8192,0.020495863,0.001256797,0.004111166,0.001357279,0.000673347,0.000785105,0.019488292,0.003313823,47543,True,1,4096,4096,0,0,0,1,8192,114688,4097,12288,12288,8192,4096,4096,8192,8192,4097,4096
star,4096,block,3,4098,8192,8192,0.020418356,0.00129844,0.003905246,0.001378701,0.000691884,0.000793237,0.019834524,0.003713947,47543,True,1,4096,4096,0,0,0,1,8192,114688,4097,12288,12288,8192,4096,4096,8192,8192,4097,4096
star,4096,block,4,4098,8192,8192,0.070257958,0.001367194,0.004155743,0.001537371,0.000715871,0.00091394,0.019751499,0.003526013,47543,True,1,4096,4096,0,0,0,1,8192,114688,4097,12288,12288,8192,4096,4096,8192,8192,4097,4096
star,4096,block,5,4098,8192,8192,0.024007715,0.001287954,0.004377619,0.001448887,0.000704854,0.000807509,0.020204672,0.003625173,47543,True,1,4096,4096,0,0,0,1,8192,114688,4097,12288,12288,8192,4096,4096,8192,8192,4097,4096
star,4096,block,6,4098,8192,8192,0.022134176,0.001317129,0.004018978,0.001861911,0.000780168,0.00090753,0.021174738,0.003637822,47543,True,1,4096,4096,0,0,0,1,8192,114688,4097,12288,12288,8192,4096,4096,8192,8192,4097,4096
star,16384,block,0,16386,32768,32768,0.086548858,0.005314264,0.01663868,0.005963293,0.00262354,0.003315275,0.149023379,0.01455846,212769,True,1,16384,16384,0,0,0,1,32768,524288,16385,49152,49152,32768,16384,16384,32768,32768,16385,16384
star,16384,block,1,16386,32768,32768,0.150758148,0.005299791,0.016147509,0.006264348,0.002658423,0.00431889,0.083623972,0.014180369,212769,True,1,16384,16384,0,0,0,1,32768,524288,16385,49152,49152,32768,16384,16384,32768,32768,16385,16384
star,16384,block,2,16386,32768,32768,0.159474878,0.005553164,0.018382914,0.006024286,0.00284174,0.003474826,0.094203865,0.014858673,212769,True,1,16384,16384,0,0,0,1,32768,524288,16385,49152,49152,32768,16384,16384,32768,32768,16385,16384
star,16384,block,3,16386,32768,32768,0.151559938,0.0056038,0.016245076,0.005838795,0.002653176,0.003464661,0.082374726,0.014217034,212769,True,1,16384,16384,0,0,0,1,32768,524288,16385,49152,49152,32768,16384,16384,32768,32768,16385,16384
star,16384,block,4,16386,32768,32768,0.156417191,0.005406723,0.016175461,0.005574136,0.00304697,0.00378217,0.086328495,0.013932906,212769,True,1,16384,16384,0,0,0,1,32768,524288,16385,49152,49152,32768,16384,16384,32768,32768,16385,16384
star,16384,block,5,16386,32768,32768,0.14885888,0.005206901,0.016033186,0.006214723,0.00320615,0.005478641,0.085180381,0.015014929,212769,True,1,16384,16384,0,0,0,1,32768,524288,16385,49152,49152,32768,16384,16384,32768,32768,16385,16384
star,16384,block,6,16386,32768,32768,0.157748541,0.005400313,0.015809068,0.005840568,0.002698354,0.00329238,0.081982894,0.014287149,212769,True,1,16384,16384,0,0,0,1,32768,524288,16385,49152,49152,32768,16384,16384,32768,32768,16385,16384
fanin,16,scalar,0,17,16,16,6.8253e-05,2.784e-06,7.702e-06,5.158e-06,8.944e-06,8.482e-06,1.9259e-05,3.856e-06,52,True,1,0,0,16,16,0,0,0,0,1,16,16,16,0,0,16,16,0,0
fanin,16,scalar,1,17,16,16,5.5604e-05,2.534e-06,6.6e-06,4.326e-06,6.03e-06,5.899e-06,1.5083e-05,3.475e-06,52,True,1,0,0,16,16,0,0,0,0,1,16,16,16,0,0,16,16,0,0
fanin,16,scalar,2,17,16,16,5.2019e-05,2.323e-06,6.48e-06,3.956e-06,4.718e-06,5.488e-06,1.3431e-05,3.245e-06,52,True,1,0,0,16,16,0,0,0,0,1,16,16,16,0,0,16,16,0,0
fanin,16,scalar,3,17,16,16,5.2119e-05,1.993e-06,6.199e-06,3.705e-06,4.637e-06,5.318e-06,1.2949e-05,2.985e-06,52,True,1,0,0,16,16,0,0,0,0,1,16,16,16,0,0,16,16,0,0
fanin,16,scalar,4,17,16,16,4.6891e-05,1.993e-06,5.819e-06,3.265e-06,4.066e-06,4.727e-06,1.2308e-05,3.155e-06,52,True,1,0,0,16,16,0,0,0,0,1,16,16,16,0,0,16,16,0,0
fanin,16,scalar,5,17,16,16,7.5605e-05,2.213e-06,6.319e-06,3.876e-06,5.458e-06,5.918e-06,1.2659e-05,3.035e-06,52,True,1,0,0,16,16,0,0,0,0,1,16,16,16,0,0,16,16,0,0
fanin,16,scalar,6,17,16,16,5.0556e-05,2.063e-06,6.179e-06,3.576e-06,5.188e-06,4.687e-06,1.1647e-05,2.835e-06,52,True,1,0,0,16,16,0,0,0,0,1,16,16,16,0,0,16,16,0,0
fanin,64,scalar,0,65,64,64,0.000329698,6.66e-06,1.8538e-05,8.754e-06,1.3591e-05,1.1006e-05,3.0676e-05,9.765e-06,52,True,1,0,0,64,64,0,0,0,0,1,64,64,64,0,0,64,64,0,0
fanin,64,scalar,1,65,64,64,0.000171689,5.037e-06,1.6195e-05,7.491e-06,8.433e-06,8.342e-06,2.5849e-05,9.424e-06,52,True,1,0,0,64,64,0,0,0,0,1,64,64,64,0,0,64,64,0,0
fanin,64,scalar,2,65,64,64,0.000156757,4.868e-06,1.5754e-05,7.101e-06,5.718e-06,6.329e-06,2.3545e-05,9.164e-06,52,True,1,0,0,64,64,0,0,0,0,1,64,64,64,0,0,64,64,0,0
fanin,64,scalar,3,65,64,64,0.000158249,5.148e-06,1.6444e-05,6.68e-06,5.628e-06,5.288e-06,2.3045e-05,9.153e-06,52,True,1,0,0,64,64,0,0,0,0,1,64,64,64,0,0,64,64,0,0
fanin,64,scalar,4,65,64,64,0.000181423,5.268e-06,1.5373e-05,6.76e-06,6.77e-06,7.601e-06,2.3416e-05,9.364e-06,52,True,1,0,0,64,64,0,0,0,0,1,64,64,64,0,0,64,64,0,0
fanin,64,scalar,5,65,64,64,0.000150397,4.677e-06,1.5543e-05,6.71e-06,4.727e-06,5.699e-06,2.1683e-05,8.943e-06,52,True,1,0,0,64,64,0,0,0,0,1,64,64,64,0,0,64,64,0,0
fanin,64,scalar,6,65,64,64,0.000147192,6.981e-06,1.4883e-05,6.45e-06,4.397e-06,5.438e-06,2.1503e-05,8.783e-06,52,True,1,0,0,64,64,0,0,0,0,1,64,64,64,0,0,64,64,0,0
fanin,256,scalar,0,257,256,256,0.0025501,1.6835e-05,5.6766e-05,2.0842e-05,1.6174e-05,1.2659e-05,6.8063e-05,3.296e-05,53,True,1,0,0,256,256,0,0,0,0,1,256,256,256,0,0,256,256,0,0
fanin,256,scalar,1,257,256,256,0.000590571,1.5854e-05,5.3801e-05,1.9269e-05,8.723e-06,8.553e-06,6.1543e-05,3.31e-05,53,True,1,0,0,256,256,0,0,0,0,1,256,256,256,0,0,256,256,0,0
fanin,256,scalar,2,257,256,256,0.000678875,1.6144e-05,5.6405e-05,1.967e-05,9.976e-06,9.244e-06,6.1312e-05,3.28e-05,53,True,1,0,0,256,256,0,0,0,0,1,256,256,256,0,0,256,256,0,0
fanin,256,scalar,3,257,256,256,0.000570661,1.5544e-05,5.4372e-05,1.959e-05,8.152e-06,8.202e-06,6.1363e-05,3.331e-05,53,True,1,0,0,256,256,0,0,0,0,1,256,256,256,0,0,256,256,0,0
fanin,256,scalar,4,257,256,256,0.000548508,1.5123e-05,7.1959e-05,1.943e-05,7.321e-06,7.972e-06,6.1373e-05,3.293e-05,53,True,1,0,0,256,256,0,0,0,0,1,256,256,256,0,0,256,256,0,0
fanin,256,scalar,5,257,256,256,0.000554717,1.5123e-05,5.331e-05,1.8779e-05,6.099e-06,7.181e-06,7.6806e-05,3.334e-05,53,True,1,0,0,256,256,0,0,0,0,1,256,256,256,0,0,256,256,0,0
fanin,256,scalar,6,257,256,256,0.000635059,1.6235e-05,5.4342e-05,1.9249e-05,9.264e-06,8.894e-06,0.00010563,3.343e-05,53,True,1,0,0,256,256,0,0,0,0,1,256,256,256,0,0,256,256,0,0
fanin,1024,scalar,0,1025,1024,1024,0.045821136,7.2769e-05,0.000229667,7.1879e-05,3.2078e-05,3.0236e-05,0.000298321,0.000141924,54,True,1,0,0,1024,1024,0,0,0,0,1,1024,1024,1024,0,0,1024,1024,0,0
fanin,1024,scalar,1,1025,1024,1024,0.002663461,5.7147e-05,0.000220273,7.0206e-05,1.1868e-05,1.0486e-05,0.000253252,0.000139741,54,True,1,0,0,1024,1024,0,0,0,0,1,1024,1024,1024,0,0,1024,1024,0,0
fanin,1024,scalar,2,1025,1024,1024,0.002797253,5.8028e-05,0.000223087,6.9194e-05,1.275e-05,1.2319e-05,0.000238219,0.000139039,54,True,1,0,0,1024,1024,0,0,0,0,1,1024,1024,1024,0,0,1024,1024,0,0
fanin,1024,scalar,3,1025,1024,1024,0.003233292,5.8528e-05,0.000219361,6.8193e-05,1.1157e-05,1.0495e-05,0.000217809,0.000141404,54,True,1,0,0,1024,1024,0,0,0,0,1,1024,1024,1024,0,0,1024,1024,0,0
fanin,1024,scalar,4,1025,1024,1024,0.002743562,6.0301e-05,0.000220774,6.9194e-05,9.985e-06,9.564e-06,0.000215195,0.000140092,54,True,1,0,0,1024,1024,0,0,0,0,1,1024,1024,1024,0,0,1024,1024,0,0
fanin,1024,scalar,5,1025,1024,1024,0.002744243,5.7887e-05,0.000220783,6.8654e-05,1.0315e-05,1.0756e-05,0.000215275,0.00013864,54,True,1,0,0,1024,1024,0,0,0,0,1,1024,1024,1024,0,0,1024,1024,0,0
fanin,1024,scalar,6,1025,1024,1024,0.00326501,6.0401e-05,0.000226282,6.9595e-05,1.0767e-05,9.975e-06,0.000233092,0.000140152,54,True,1,0,0,1024,1024,0,0,0,0,1,1024,1024,1024,0,0,1024,1024,0,0
fanin,4096,scalar,0,4097,4096,4096,0.012279198,0.000235786,0.00090058,0.000275727,3.6005e-05,3.0125e-05,0.000851045,0.000602219,54,True,1,0,0,4096,4096,0,0,0,0,1,4096,4096,4096,0,0,4096,4096,0,0
fanin,4096,scalar,1,4097,4096,4096,0.011402745,0.000224579,0.000951066,0.000294455,2.3535e-05,2.2815e-05,0.000867049,0.000572485,54,True,1,0,0,4096,4096,0,0,0,0,1,4096,4096,4096,0,0,4096,4096,0,0
fanin,4096,scalar,2,4097,4096,4096,0.011374522,0.000234734,0.000908842,0.000270559,2.2815e-05,2.3485e-05,0.000835572,0.000592845,54,True,1,0,0,4096,4096,0,0,0,0,1,4096,4096,4096,0,0,4096,4096,0,0
fanin,4096,scalar,3,4097,4096,4096,0.011934057,0.000232,0.000897334,0.000272141,3.0215e-05,2.9735e-05,0.000873929,0.000601848,54,True,1,0,0,4096,4096,0,0,0,0,1,4096,4096,4096,0,0,4096,4096,0,0
fanin,4096,scalar,4,4097,4096,4096,0.011503988,0.000230538,0.000900149,0.000295456,2.0711e-05,2.0361e-05,0.000843654,0.000590281,54,True,1,0,0,4096,4096,0,0,0,0,1,4096,4096,4096,0,0,4096,4096,0,0
fanin,4096,scalar,5,4097,4096,4096,0.011934857,0.000237459,0.000892357,0.000257478,2.4977e-05,2.4738e-05,0.000853739,0.000585153,54,True,1,0,0,4096,4096,0,0,0,0,1,4096,4096,4096,0,0,4096,4096,0,0
fanin,4096,scalar,6,4097,4096,4096,0.011467032,0.000233312,0.000912949,0.000266832,4.1512e-05,2.2104e-05,0.000870645,0.000584492,54,True,1,0,0,4096,4096,0,0,0,0,1,4096,4096,4096,0,0,4096,4096,0,0
fanin,16384,scalar,0,16385,16384,16384,0.130452646,0.001166191,0.003912357,0.001031167,4.1202e-05,3.283e-05,0.003660135,0.002707478,55,True,1,0,0,16384,16384,0,0,0,0,1,16384,16384,16384,0,0,16384,16384,0,0
fanin,16384,scalar,1,16385,16384,16384,0.119429297,0.000982052,0.003603651,0.001040531,3.5994e-05,4.2624e-05,0.003709511,0.002736321,55,True,1,0,0,16384,16384,0,0,0,0,1,16384,16384,16384,0,0,16384,16384,0,0
fanin,16384,scalar,2,16385,16384,16384,0.116276388,0.001500225,0.003882472,0.001047962,3.6585e-05,3.1087e-05,0.003426914,0.003345271,55,True,1,0,0,16384,16384,0,0,0,0,1,16384,16384,16384,0,0,16384,16384,0,0
fanin,16384,scalar,3,16385,16384,16384,0.126431169,0.001802982,0.003708389,0.001036044,3.5864e-05,3.1858e-05,0.003926117,0.003401275,55,True,1,0,0,16384,16384,0,0,0,0,1,16384,16384,16384,0,0,16384,16384,0,0
fanin,16384,scalar,4,16385,16384,16384,0.1211658,0.001541627,0.004434866,0.001095114,3.6085e-05,3.0276e-05,0.003934129,0.003291489,55,True,1,0,0,16384,16384,0,0,0,0,1,16384,16384,16384,0,0,16384,16384,0,0
fanin,16384,scalar,5,16385,16384,16384,0.053735017,0.00157638,0.003680236,0.001031958,3.5514e-05,3.1488e-05,0.003843022,0.002507996,55,True,1,0,0,16384,16384,0,0,0,0,1,16384,16384,16384,0,0,16384,16384,0,0
fanin,16384,scalar,6,16385,16384,16384,0.054754986,0.001118169,0.00373484,0.001060902,3.7647e-05,3.317e-05,0.003849121,0.00304043,55,True,1,0,0,16384,16384,0,0,0,0,1,16384,16384,16384,0,0,16384,16384,0,0
