family,size,partition,repetitions,atoms,rules,premise_incidences,setup_wall_seconds_min,setup_wall_seconds_median,setup_wall_seconds_max,full_materialize_wall_seconds_min,full_materialize_wall_seconds_median,full_materialize_wall_seconds_max,dred_wall_seconds_min,dred_wall_seconds_median,dred_wall_seconds_max,synthesis_wall_seconds_min,synthesis_wall_seconds_median,synthesis_wall_seconds_max,serialize_wall_seconds_min,serialize_wall_seconds_median,serialize_wall_seconds_max,parse_wall_seconds_min,parse_wall_seconds_median,parse_wall_seconds_max,local_check_wall_seconds_min,local_check_wall_seconds_median,local_check_wall_seconds_max,full_check_wall_seconds_min,full_check_wall_seconds_median,full_check_wall_seconds_max,packet_bytes,local_truth_fields,local_witness_heads,local_witness_literals,local_closure_rules,local_closure_literals,local_offset_fields,local_pair_checks,local_segment_updates,local_segment_steps,dred_overdeleted,dred_rule_checks,dred_body_tests_upper_bound,full_rule_initializations,full_body_incidence_visits,full_new_firings,verify_rules,verify_rule_literals,verify_witnesses,verify_proof_literals
exchange,16,block,7,34,34,34,9.964e-05,0.000107282,0.000124278,9.544e-06,1.0146e-05,3.6375e-05,3.1248e-05,3.2078e-05,3.4993e-05,1.0696e-05,1.1548e-05,1.4251e-05,4.997e-06,6.43e-06,9.775e-06,5.959e-06,7.612e-06,1.0797e-05,1.3851e-05,1.6375e-05,4.2874e-05,1.8528e-05,1.9158e-05,2.009e-05,63,1,1,1,0,0,1,1,1,1,33,99,99,34,33,32,34,34,33,32
exchange,16,scalar,7,34,34,34,0.000143577,0.000147232,0.000167032,9.825e-06,1.0145e-05,1.0606e-05,3.1808e-05,3.2569e-05,4.9245e-05,3.6315e-05,3.6756e-05,6.9905e-05,7.651e-06,8.082e-06,1.2109e-05,8.383e-06,9.594e-06,1.2449e-05,2.621e-05,2.7361e-05,3.297e-05,1.8618e-05,1.8989e-05,1.956e-05,175,1,1,1,0,0,16,16,2,2,33,99,99,34,33,32,34,34,33,32
exchange,64,block,7,130,130,130,0.000341726,0.000358882,0.000399913,3.3029e-05,3.35e-05,3.5314e-05,0.00011246,0.000115464,0.000117518,3.1457e-05,3.2389e-05,3.4001e-05,6.91e-06,8.062e-06,1.2609e-05,7.15e-06,8.173e-06,1.1568e-05,1.7055e-05,1.9159e-05,3.8278e-05,6.7132e-05,6.7613e-05,8.2986e-05,64,1,1,1,0,0,1,1,1,1,129,387,387,130,129,128,130,130,129,128
exchange,64,scalar,7,130,130,130,0.000512563,0.000544803,0.000742321,3.3731e-05,3.5193e-05,9.7397e-05,0.000114773,0.000120953,0.000149025,0.000109755,0.000110126,0.00011247,1.9369e-05,2.0791e-05,2.2544e-05,2.0982e-05,2.2654e-05,5.3541e-05,6.7322e-05,6.9485e-05,9.265e-05,6.8864e-05,7.1277e-05,0.000332882,589,1,1,1,0,0,64,64,2,2,129,387,387,130,129,128,130,130,129,128
exchange,256,block,7,514,514,514,0.001484792,0.001505403,0.001755641,0.000127583,0.000128635,0.000130126,0.000454507,0.000460796,0.000501998,0.000115885,0.000116666,0.000260903,1.0045e-05,1.2218e-05,1.6545e-05,1.0315e-05,1.1327e-05,1.329e-05,2.2123e-05,2.3916e-05,3.1528e-05,0.00027795,0.000281065,0.000308696,65,1,1,1,0,0,1,1,1,1,513,1539,1539,514,513,512,514,514,513,512
exchange,256,scalar,7,514,514,514,0.002356157,0.002608578,0.042375837,0.000131068,0.000137147,0.000281795,0.000453605,0.000480155,0.000515599,0.000404681,0.000438181,0.000488046,4.7422e-05,4.8854e-05,6.1252e-05,5.5924e-05,5.8017e-05,7.4212e-05,0.00021843,0.000221785,0.000243798,0.000286323,0.000302197,0.000388016,2509,1,1,1,0,0,256,256,2,2,513,1539,1539,514,513,512,514,514,513,512
exchange,1024,block,7,2050,2050,2050,0.005751703,0.006013429,0.008757422,0.000495618,0.000563741,0.000640487,0.001842461,0.002018948,0.002500375,0.000452463,0.000487796,0.000560446,1.8087e-05,2.012e-05,3.1377e-05,1.7447e-05,2.0691e-05,4.4277e-05,2.7782e-05,3.0576e-05,4.4877e-05,0.001184679,0.001218019,0.001293022,67,1,1,1,0,0,1,1,1,1,2049,6147,6147,2050,2049,2048,2050,2050,2049,2048
exchange,1024,scalar,7,2050,2050,2050,0.010401043,0.011245077,0.05569767,0.000520045,0.000566776,0.000775952,0.001906098,0.00207999,0.002711133,0.00203318,0.002173802,0.002861961,0.000145309,0.000148034,0.000187833,0.000186421,0.000189025,0.000257078,0.000848721,0.000864906,0.000893359,0.001279632,0.001328325,0.001436859,11239,1,1,1,0,0,1024,1024,2,2,2049,6147,6147,2050,2049,2048,2050,2050,2049,2048
exchange,4096,block,7,8194,8194,8194,0.023757447,0.024517686,0.025357803,0.002078499,0.002108103,0.003182054,0.00732536,0.007605753,0.009316836,0.001832947,0.001945627,0.00212606,3.291e-05,3.5593e-05,4.0511e-05,3.1648e-05,3.2389e-05,5.0296e-05,4.1502e-05,4.6109e-05,5.8067e-05,0.004868129,0.004962101,0.005235264,67,1,1,1,0,0,1,1,1,1,8193,24579,24579,8194,8193,8192,8194,8194,8193,8192
exchange,4096,scalar,7,8194,8194,8194,0.042458661,0.057024011,0.147910105,0.003723431,0.004478993,0.005968751,0.010040909,0.010243916,0.012696208,0.01220098,0.014142641,0.073077558,0.000618183,0.000679626,0.000747349,0.000824024,0.000875542,0.000958788,0.003717282,0.00413291,0.004511091,0.006622509,0.007876211,0.009467974,48103,1,1,1,0,0,4096,4096,2,2,8193,24579,24579,8194,8193,8192,8194,8194,8193,8192
exchange,16384,block,7,32770,32770,32770,0.13775902,0.200552401,0.230863183,0.008549678,0.009614496,0.013891263,0.032342239,0.034473506,0.042312281,0.007726605,0.008367964,0.009638392,3.8158e-05,3.918e-05,4.0691e-05,3.2689e-05,3.3641e-05,3.7356e-05,5.2159e-05,5.5383e-05,6.3466e-05,0.019889388,0.022915046,0.023843577,69,1,1,1,0,0,1,1,1,1,32769,98307,98307,32770,32769,32768,32770,32770,32769,32768
exchange,16384,scalar,7,32770,32770,32770,0.405648642,0.573777352,0.651571341,0.01264472,0.018883119,0.030043118,0.042433344,0.058835037,0.07665504,0.070037419,0.085441695,0.178898604,0.003059328,0.003414826,0.003621748,0.003747578,0.004171999,0.005156435,0.01818203,0.0190293,0.020803948,0.034831958,0.041361306,0.047084626,218329,1,1,1,0,0,16384,16384,2,2,32769,98307,98307,32770,32769,32768,32770,32770,32769,32768
fanin,16,scalar,7,17,16,16,4.6891e-05,5.2119e-05,7.5605e-05,1.993e-06,2.213e-06,2.784e-06,5.819e-06,6.319e-06,7.702e-06,3.265e-06,3.876e-06,5.158e-06,4.066e-06,5.188e-06,8.944e-06,4.687e-06,5.488e-06,8.482e-06,1.1647e-05,1.2949e-05,1.9259e-05,2.835e-06,3.155e-06,3.856e-06,52,1,0,0,16,16,0,0,0,0,1,16,16,16,0,0,16,16,0,0
fanin,64,scalar,7,65,64,64,0.000147192,0.000158249,0.000329698,4.677e-06,5.148e-06,6.981e-06,1.4883e-05,1.5754e-05,1.8538e-05,6.45e-06,6.76e-06,8.754e-06,4.397e-06,5.718e-06,1.3591e-05,5.288e-06,6.329e-06,1.1006e-05,2.1503e-05,2.3416e-05,3.0676e-05,8.783e-06,9.164e-06,9.765e-06,52,1,0,0,64,64,0,0,0,0,1,64,64,64,0,0,64,64,0,0
fanin,256,scalar,7,257,256,256,0.000548508,0.000590571,0.0025501,1.5123e-05,1.5854e-05,1.6835e-05,5.331e-05,5.4372e-05,7.1959e-05,1.8779e-05,1.943e-05,2.0842e-05,6.099e-06,8.723e-06,1.6174e-05,7.181e-06,8.553e-06,1.2659e-05,6.1312e-05,6.1543e-05,0.00010563,3.28e-05,3.31e-05,3.343e-05,53,1,0,0,256,256,0,0,0,0,1,256,256,256,0,0,256,256,0,0
fanin,1024,scalar,7,1025,1024,1024,0.002663461,0.002797253,0.045821136,5.7147e-05,5.8528e-05,7.2769e-05,0.000219361,0.000220783,0.000229667,6.8193e-05,6.9194e-05,7.1879e-05,9.985e-06,1.1157e-05,3.2078e-05,9.564e-06,1.0495e-05,3.0236e-05,0.000215195,0.000233092,0.000298321,0.00013864,0.000140092,0.000141924,54,1,0,0,1024,1024,0,0,0,0,1,1024,1024,1024,0,0,1024,1024,0,0
fanin,4096,scalar,7,4097,4096,4096,0.011374522,0.011503988,0.012279198,0.000224579,0.000233312,0.000237459,0.000892357,0.00090058,0.000951066,0.000257478,0.000272141,0.000295456,2.0711e-05,2.4977e-05,4.1512e-05,2.0361e-05,2.3485e-05,3.0125e-05,0.000835572,0.000853739,0.000873929,0.000572485,0.000590281,0.000602219,54,1,0,0,4096,4096,0,0,0,0,1,4096,4096,4096,0,0,4096,4096,0,0
fanin,16384,scalar,7,16385,16384,16384,0.053735017,0.119429297,0.130452646,0.000982052,0.001500225,0.001802982,0.003603651,0.00373484,0.004434866,0.001031167,0.001040531,0.001095114,3.5514e-05,3.6085e-05,4.1202e-05,3.0276e-05,3.1858e-05,4.2624e-05,0.003426914,0.003843022,0.003934129,0.002507996,0.00304043,0.003401275,55,1,0,0,16384,16384,0,0,0,0,1,16384,16384,16384,0,0,16384,16384,0,0
star,16,block,7,18,32,32,8.564e-05,9.0196e-05,0.000148544,6.409e-06,6.81e-06,8.523e-06,1.8678e-05,1.974e-05,2.1783e-05,8.864e-06,9.334e-06,2.8864e-05,6.86e-06,8.142e-06,1.3811e-05,8.703e-06,9.694e-06,2.5168e-05,5.7086e-05,5.8839e-05,6.9304e-05,1.2178e-05,1.2579e-05,1.4181e-05,165,1,16,16,0,0,0,1,32,192,17,48,48,32,16,16,32,32,17,16
star,64,block,7,66,128,128,0.000286662,0.000315506,0.000398161,2.0501e-05,2.2014e-05,8.5509e-05,6.1323e-05,6.4227e-05,8.9565e-05,2.4647e-05,2.6731e-05,2.9614e-05,1.7166e-05,2.043e-05,2.3785e-05,1.958e-05,2.2184e-05,2.4638e-05,0.00020577,0.000217268,0.000550621,4.3425e-05,4.4748e-05,9.5565e-05,563,1,64,64,0,0,0,1,128,1024,65,192,192,128,64,64,128,128,65,64
star,256,block,7,258,512,512,0.001104487,0.001234634,0.001324269,7.5244e-05,7.7006e-05,0.000100862,0.000234755,0.000236517,0.000260573,8.4888e-05,8.641e-05,0.000116516,4.1933e-05,4.4407e-05,4.6531e-05,5.3591e-05,5.6675e-05,0.000106791,0.000895051,0.000904265,0.00104657,0.000171109,0.000186832,0.000199672,2449,1,256,256,0,0,0,1,512,5120,257,768,768,512,256,256,512,512,257,256
star,1024,block,7,1026,2048,2048,0.004675038,0.004780417,0.005678963,0.0003046,0.000320995,0.000690903,0.000957015,0.001004887,0.001077517,0.000337009,0.000357139,0.000368786,0.000132921,0.000135063,0.000153141,0.00017918,0.000187343,0.000202796,0.004083074,0.004246642,0.004724773,0.000736592,0.000778686,0.001015093,10679,1,1024,1024,0,0,0,1,2048,24576,1025,3072,3072,2048,1024,1024,2048,2048,1025,1024
star,4096,block,7,4098,8192,8192,0.019926323,0.022134176,0.070257958,0.001256797,0.00129844,0.002068923,0.003905246,0.004111166,0.004377619,0.001344139,0.001447094,0.001861911,0.000668019,0.000696942,0.000780168,0.000785045,0.000793237,0.00091394,0.019488292,0.020204672,0.063534758,0.003313823,0.003625173,0.003779245,47543,1,4096,4096,0,0,0,1,8192,114688,4097,12288,12288,8192,4096,4096,8192,8192,4097,4096
star,16384,block,7,16386,32768,32768,0.086548858,0.151559938,0.159474878,0.005206901,0.005400313,0.0056038,0.015809068,0.016175461,0.018382914,0.005574136,0.005963293,0.006264348,0.00262354,0.002698354,0.00320615,0.00329238,0.003474826,0.005478641,0.081982894,0.085180381,0.149023379,0.013932906,0.014287149,0.015014929,212769,1,16384,16384,0,0,0,1,32768,524288,16385,49152,49152,32768,16384,16384,32768,32768,16385,16384
