bibkey,title,authors,year,venue,volume,number,pages,doi,record_url,record_type,checked_fields,verification_status,checked_date,notes
gupta1993,Maintaining Views Incrementally,Ashish Gupta and Inderpal Singh Mumick and V. S. Subrahmanian,1993,Proceedings of the ACM SIGMOD International Conference on Management of Data,,,157--166,10.1145/170035.170066,https://doi.org/10.1145/170035.170066,doi_or_publisher_record,title;authors;year;venue;volume_or_series;issue_when_applicable;pages_or_article_number;doi_or_stable_record,primary_record_cross_checked,2026-09-16,"Metadata cross-checked against the canonical DOI/publisher record recorded during the project audit; DOI syntax, uniqueness, citation use, and ledger agreement are rechecked automatically."
motik2019,Maintenance of {Datalog} Materialisations Revisited,Boris Motik and Yavor Nenov and Robert Piro and Ian Horrocks,2019,Artificial Intelligence,269,,76--136,10.1016/j.artint.2018.12.004,https://doi.org/10.1016/j.artint.2018.12.004,doi_or_publisher_record,title;authors;year;venue;volume_or_series;issue_when_applicable;pages_or_article_number;doi_or_stable_record,primary_record_cross_checked,2026-09-16,"Metadata cross-checked against the canonical DOI/publisher record recorded during the project audit; DOI syntax, uniqueness, citation use, and ledger agreement are rechecked automatically."
hu2022,Modular Materialisation of {Datalog} Programs,Pan Hu and Boris Motik and Ian Horrocks,2022,Artificial Intelligence,308,,103726,10.1016/j.artint.2022.103726,https://doi.org/10.1016/j.artint.2022.103726,doi_or_publisher_record,title;authors;year;venue;volume_or_series;issue_when_applicable;pages_or_article_number;doi_or_stable_record,primary_record_cross_checked,2026-09-16,"Metadata cross-checked against the canonical DOI/publisher record recorded during the project audit; DOI syntax, uniqueness, citation use, and ledger agreement are rechecked automatically."
ronca2022,The Delay and Window Size Problems in Rule-Based Stream Reasoning,Alessandro Ronca and Mark Kaminski and Bernardo {Cuenca Grau} and Ian Horrocks,2022,Artificial Intelligence,306,,103668,10.1016/j.artint.2022.103668,https://doi.org/10.1016/j.artint.2022.103668,doi_or_publisher_record,title;authors;year;venue;volume_or_series;issue_when_applicable;pages_or_article_number;doi_or_stable_record,primary_record_cross_checked,2026-09-16,"Metadata cross-checked against the canonical DOI/publisher record recorded during the project audit; DOI syntax, uniqueness, citation use, and ledger agreement are rechecked automatically."
zhao2026,Incremental Maintenance of {DatalogMTL} Materialisations,Kaiyue Zhao and Dingqi Chen and Shaoyu Wang and Pan Hu,2026,Proceedings of the AAAI Conference on Artificial Intelligence,40,23,19467--19476,10.1609/aaai.v40i23.39025,https://doi.org/10.1609/aaai.v40i23.39025,doi_or_publisher_record,title;authors;year;venue;volume_or_series;issue_when_applicable;pages_or_article_number;doi_or_stable_record,primary_record_cross_checked,2026-09-16,"Metadata cross-checked against the canonical DOI/publisher record recorded during the project audit; DOI syntax, uniqueness, citation use, and ledger agreement are rechecked automatically."
li2026,Incremental Inference for Probabilistic {Datalog},Xuyang Li and Weiyi Chen and Isil Dillig and Jingbo Wang,2026,Computer Aided Verification,16684,,169--190,10.1007/978-3-032-32537-2_8,https://doi.org/10.1007/978-3-032-32537-2_8,doi_or_publisher_record,title;authors;year;venue;volume_or_series;issue_when_applicable;pages_or_article_number;doi_or_stable_record,primary_record_cross_checked,2026-09-16,"Metadata cross-checked against the canonical DOI/publisher record recorded during the project audit; DOI syntax, uniqueness, citation use, and ledger agreement are rechecked automatically."
dechter1991,Temporal Constraint Networks,Rina Dechter and Itay Meiri and Judea Pearl,1991,Artificial Intelligence,49,1--3,61--95,10.1016/0004-3702(91)90006-6,https://doi.org/10.1016/0004-3702(91)90006-6,doi_or_publisher_record,title;authors;year;venue;volume_or_series;issue_when_applicable;pages_or_article_number;doi_or_stable_record,primary_record_cross_checked,2026-09-16,"Metadata cross-checked against the canonical DOI/publisher record recorded during the project audit; DOI syntax, uniqueness, citation use, and ledger agreement are rechecked automatically."
bezem2008,The Max-Atom Problem and Its Relevance,Marc Bezem and Robert Nieuwenhuis and Enric {Rodr\'{i}guez-Carbonell},2008,"Logic for Programming, Artificial Intelligence, and Reasoning",5330,,47--61,10.1007/978-3-540-89439-1_4,https://doi.org/10.1007/978-3-540-89439-1_4,doi_or_publisher_record,title;authors;year;venue;volume_or_series;issue_when_applicable;pages_or_article_number;doi_or_stable_record,primary_record_cross_checked,2026-09-16,"Metadata cross-checked against the canonical DOI/publisher record recorded during the project audit; DOI syntax, uniqueness, citation use, and ledger agreement are rechecked automatically."
atserias2010,Mean-Payoff Games and the Max-Atom Problem,Albert Atserias and Elitza Maneva,2009,Technical report,,,,,https://www.cs.upc.edu/~atserias/papers/mean-payoff-games-max-atom/mpma.pdf,author_manuscript,title;authors;year;venue;volume_or_series;issue_when_applicable;pages_or_article_number;doi_or_stable_record,primary_record_cross_checked,2026-09-16,"No DOI was found for this technical report. The author-hosted manuscript supplies title, authors, date, problem definition, and the stated polynomial equivalence; the bibliography records 2009 with the 3 February 2010 revision noted."
mohring2004,Scheduling with {AND/OR} Precedence Constraints,"Rolf H. M{\""o}hring and Martin Skutella and Frederik Stork",2004,SIAM Journal on Computing,33,2,393--415,10.1137/S009753970037727X,https://doi.org/10.1137/S009753970037727X,doi_or_publisher_record,title;authors;year;venue;volume_or_series;issue_when_applicable;pages_or_article_number;doi_or_stable_record,primary_record_cross_checked,2026-09-16,"Metadata cross-checked against the canonical DOI/publisher record recorded during the project audit; DOI syntax, uniqueness, citation use, and ledger agreement are rechecked automatically."
green2007,Provenance Semirings,Todd J. Green and Grigoris Karvounarakis and Val Tannen,2007,Proceedings of the ACM SIGMOD-SIGACT-SIGART Symposium on Principles of Database Systems,,,31--40,10.1145/1265530.1265535,https://doi.org/10.1145/1265530.1265535,doi_or_publisher_record,title;authors;year;venue;volume_or_series;issue_when_applicable;pages_or_article_number;doi_or_stable_record,primary_record_cross_checked,2026-09-16,"Metadata cross-checked against the canonical DOI/publisher record recorded during the project audit; DOI syntax, uniqueness, citation use, and ledger agreement are rechecked automatically."
necula1997,Proof-Carrying Code,George C. Necula,1997,Proceedings of the ACM SIGPLAN-SIGACT Symposium on Principles of Programming Languages,,,106--119,10.1145/263699.263712,https://doi.org/10.1145/263699.263712,doi_or_publisher_record,title;authors;year;venue;volume_or_series;issue_when_applicable;pages_or_article_number;doi_or_stable_record,primary_record_cross_checked,2026-09-16,"Metadata cross-checked against the canonical DOI/publisher record recorded during the project audit; DOI syntax, uniqueness, citation use, and ledger agreement are rechecked automatically."
wang2022,{MeTeoR}: Practical Reasoning in {Datalog} with Metric Temporal Operators,Dingmin Wang and Pan Hu and Przemys{\l}aw A. Wa{\l}{\k e}ga and Bernardo {Cuenca Grau},2022,Proceedings of the AAAI Conference on Artificial Intelligence,36,5,5906--5913,10.1609/aaai.v36i5.20535,https://doi.org/10.1609/aaai.v36i5.20535,doi_or_publisher_record,title;authors;year;venue;volume_or_series;issue_when_applicable;pages_or_article_number;doi_or_stable_record,primary_record_cross_checked,2026-09-16,"Metadata cross-checked against the canonical DOI/publisher record recorded during the project audit; DOI syntax, uniqueness, citation use, and ledger agreement are rechecked automatically."
walega2023,Materialisation-Based Reasoning in {DatalogMTL} with Bounded Intervals,Przemys{\l}aw A. Wa{\l}{\k e}ga and Micha{\l} Zawidzki and Dingmin Wang and Bernardo {Cuenca Grau},2023,Proceedings of the AAAI Conference on Artificial Intelligence,37,5,6566--6574,10.1609/aaai.v37i5.25807,https://doi.org/10.1609/aaai.v37i5.25807,doi_or_publisher_record,title;authors;year;venue;volume_or_series;issue_when_applicable;pages_or_article_number;doi_or_stable_record,primary_record_cross_checked,2026-09-16,"Metadata cross-checked against the canonical DOI/publisher record recorded during the project audit; DOI syntax, uniqueness, citation use, and ledger agreement are rechecked automatically."
baget2011,On Rules with Existential Variables: Walking the Decidability Line,Jean-Fran{\c c}ois Baget and Michel Lecl{\`e}re and Marie-Laure Mugnier and Eric Salvat,2011,Artificial Intelligence,175,9--10,1620--1654,10.1016/j.artint.2011.03.002,https://doi.org/10.1016/j.artint.2011.03.002,doi_or_publisher_record,title;authors;year;venue;volume_or_series;issue_when_applicable;pages_or_article_number;doi_or_stable_record,primary_record_cross_checked,2026-09-16,"Metadata cross-checked against the canonical DOI/publisher record recorded during the project audit; DOI syntax, uniqueness, citation use, and ledger agreement are rechecked automatically."
tantow2025,Verifying {Datalog} Reasoning with {Lean},"Johannes Tantow and Lukas Gerlach and Stephan Mennicke and Markus Kr{\""o}tzsch",2025,16th International Conference on Interactive Theorem Proving,352,,36:1--36:19,10.4230/LIPIcs.ITP.2025.36,https://doi.org/10.4230/LIPIcs.ITP.2025.36,doi_or_publisher_record,title;authors;year;venue;volume_or_series;issue_when_applicable;pages_or_article_number;doi_or_stable_record,primary_record_cross_checked,2026-09-16,"Metadata cross-checked against the canonical DOI/publisher record recorded during the project audit; DOI syntax, uniqueness, citation use, and ledger agreement are rechecked automatically."
bonifati2018,Certified Graph View Maintenance with Regular {Datalog},Angela Bonifati and Stefania Dumbrava and Emilio Jes{\'u}s {Gallego Arias},2018,Theory and Practice of Logic Programming,18,3--4,372--389,10.1017/S1471068418000224,https://doi.org/10.1017/S1471068418000224,doi_or_publisher_record,title;authors;year;venue;volume_or_series;issue_when_applicable;pages_or_article_number;doi_or_stable_record,primary_record_cross_checked,2026-09-16,"Metadata cross-checked against the canonical DOI/publisher record recorded during the project audit; DOI syntax, uniqueness, citation use, and ledger agreement are rechecked automatically."
fazekas2024,Certifying Incremental {SAT} Solving,Katalin Fazekas and Florian Pollitt and Mathias Fleury and Armin Biere,2024,"25th Conference on Logic for Programming, Artificial Intelligence and Reasoning",100,,321--340,10.29007/pdcc,https://doi.org/10.29007/pdcc,doi_or_publisher_record,title;authors;year;venue;volume_or_series;issue_when_applicable;pages_or_article_number;doi_or_stable_record,primary_record_cross_checked,2026-09-16,"Metadata cross-checked against the canonical DOI/publisher record recorded during the project audit; DOI syntax, uniqueness, citation use, and ledger agreement are rechecked automatically."
doyle1979,A Truth Maintenance System,Jon Doyle,1979,Artificial Intelligence,12,3,231--272,10.1016/0004-3702(79)90008-0,https://doi.org/10.1016/0004-3702(79)90008-0,doi_or_publisher_record,title;authors;year;venue;volume_or_series;issue_when_applicable;pages_or_article_number;doi_or_stable_record,primary_record_cross_checked,2026-09-16,"Metadata cross-checked against the canonical DOI/publisher record recorded during the project audit; DOI syntax, uniqueness, citation use, and ledger agreement are rechecked automatically."
dekleer1986,An Assumption-Based {TMS},Johan {de Kleer},1986,Artificial Intelligence,28,2,127--162,10.1016/0004-3702(86)90080-9,https://doi.org/10.1016/0004-3702(86)90080-9,doi_or_publisher_record,title;authors;year;venue;volume_or_series;issue_when_applicable;pages_or_article_number;doi_or_stable_record,primary_record_cross_checked,2026-09-16,"Metadata cross-checked against the canonical DOI/publisher record recorded during the project audit; DOI syntax, uniqueness, citation use, and ledger agreement are rechecked automatically."
dechter1996,Structure-Driven Algorithms for Truth Maintenance,Rina Dechter and Avi Dechter,1996,Artificial Intelligence,82,1--2,1--20,10.1016/0004-3702(94)00096-4,https://doi.org/10.1016/0004-3702(94)00096-4,doi_or_publisher_record,title;authors;year;venue;volume_or_series;issue_when_applicable;pages_or_article_number;doi_or_stable_record,primary_record_cross_checked,2026-09-16,"Metadata cross-checked against the canonical DOI/publisher record recorded during the project audit; DOI syntax, uniqueness, citation use, and ledger agreement are rechecked automatically."
beck2018,{LARS}: A Logic-Based Framework for Analytic Reasoning over Streams,Harald Beck and Minh Dao-Tran and Thomas Eiter,2018,Artificial Intelligence,261,,16--70,10.1016/j.artint.2018.04.003,https://doi.org/10.1016/j.artint.2018.04.003,doi_or_publisher_record,title;authors;year;venue;volume_or_series;issue_when_applicable;pages_or_article_number;doi_or_stable_record,primary_record_cross_checked,2026-09-16,"Metadata cross-checked against the canonical DOI/publisher record recorded during the project audit; DOI syntax, uniqueness, citation use, and ledger agreement are rechecked automatically."
ceylan2025,Explanations for Query Answers under Existential Rules,{{\.I}smail {\.I}lkan} Ceylan and Thomas Lukasiewicz and Enrico Malizia and Andrius Vaicenavi{\v c}ius,2025,Artificial Intelligence,341,,104294,10.1016/j.artint.2025.104294,https://doi.org/10.1016/j.artint.2025.104294,doi_or_publisher_record,title;authors;year;venue;volume_or_series;issue_when_applicable;pages_or_article_number;doi_or_stable_record,primary_record_cross_checked,2026-09-16,"Metadata cross-checked against the canonical DOI/publisher record recorded during the project audit; DOI syntax, uniqueness, citation use, and ledger agreement are rechecked automatically."
simancik2014,Consequence-Based and Fixed-Parameter Tractable Reasoning in Description Logics,Franti{\v s}ek Siman{\v c}{\'i}k and Boris Motik and Ian Horrocks,2014,Artificial Intelligence,209,,29--77,10.1016/j.artint.2014.01.002,https://doi.org/10.1016/j.artint.2014.01.002,doi_or_publisher_record,title;authors;year;venue;volume_or_series;issue_when_applicable;pages_or_article_number;doi_or_stable_record,primary_record_cross_checked,2026-09-16,"Metadata cross-checked against the canonical DOI/publisher record recorded during the project audit; DOI syntax, uniqueness, citation use, and ledger agreement are rechecked automatically."
schwalb1997,Processing Disjunctions in Temporal Constraint Networks,Eddie Schwalb and Rina Dechter,1997,Artificial Intelligence,93,1--2,29--61,10.1016/S0004-3702(97)00009-X,https://doi.org/10.1016/S0004-3702(97)00009-X,doi_or_publisher_record,title;authors;year;venue;volume_or_series;issue_when_applicable;pages_or_article_number;doi_or_stable_record,primary_record_cross_checked,2026-09-16,"Metadata cross-checked against the canonical DOI/publisher record recorded during the project audit; DOI syntax, uniqueness, citation use, and ledger agreement are rechecked automatically."
vanemden1976,The Semantics of Predicate Logic as a Programming Language,M. H. {van Emden} and R. A. Kowalski,1976,Journal of the ACM,23,4,733--742,10.1145/321978.321991,https://doi.org/10.1145/321978.321991,doi_or_publisher_record,title;authors;year;venue;volume_or_series;issue_when_applicable;pages_or_article_number;doi_or_stable_record,primary_record_cross_checked,2026-09-16,"Metadata cross-checked against the canonical DOI/publisher record recorded during the project audit; DOI syntax, uniqueness, citation use, and ledger agreement are rechecked automatically."
dowling1984,Linear-Time Algorithms for Testing the Satisfiability of Propositional Horn Formulae,William F. Dowling and Jean H. Gallier,1984,Journal of Logic Programming,1,3,267--284,10.1016/0743-1066(84)90014-1,https://doi.org/10.1016/0743-1066(84)90014-1,doi_or_publisher_record,title;authors;year;venue;volume_or_series;issue_when_applicable;pages_or_article_number;doi_or_stable_record,primary_record_cross_checked,2026-09-16,"Metadata cross-checked against the canonical DOI/publisher record recorded during the project audit; DOI syntax, uniqueness, citation use, and ledger agreement are rechecked automatically."
dilworth1950,A Decomposition Theorem for Partially Ordered Sets,R. P. Dilworth,1950,Annals of Mathematics,51,1,161--166,10.2307/1969503,https://doi.org/10.2307/1969503,doi_or_publisher_record,title;authors;year;venue;volume_or_series;issue_when_applicable;pages_or_article_number;doi_or_stable_record,primary_record_cross_checked,2026-09-16,"Metadata cross-checked against the canonical DOI/publisher record recorded during the project audit; DOI syntax, uniqueness, citation use, and ledger agreement are rechecked automatically."
stout2022,{L0} Isotonic Regression with Secondary Objectives,Quentin F. Stout,2022,Technical report,,,,10.48550/arXiv.2106.00279,https://doi.org/10.48550/arXiv.2106.00279,doi_or_publisher_record,title;authors;year;venue;volume_or_series;issue_when_applicable;pages_or_article_number;doi_or_stable_record,primary_record_cross_checked,2026-09-16,"Metadata cross-checked against the canonical DOI/publisher record recorded during the project audit; DOI syntax, uniqueness, citation use, and ledger agreement are rechecked automatically."
floyd1962,Algorithm 97: Shortest Path,Robert W. Floyd,1962,Communications of the ACM,5,6,345,10.1145/367766.368168,https://doi.org/10.1145/367766.368168,doi_or_publisher_record,title;authors;year;venue;volume_or_series;issue_when_applicable;pages_or_article_number;doi_or_stable_record,primary_record_cross_checked,2026-09-16,"Metadata cross-checked against the canonical DOI/publisher record recorded during the project audit; DOI syntax, uniqueness, citation use, and ledger agreement are rechecked automatically."
haeupler2012,"Incremental Cycle Detection, Topological Ordering, and Strong Component Maintenance",Bernhard Haeupler and Telikepalli Kavitha and Rogers Mathew and Siddhartha Sen and Robert E. Tarjan,2012,ACM Transactions on Algorithms,8,1,3:1--3:33,10.1145/2071379.2071382,https://doi.org/10.1145/2071379.2071382,doi_or_publisher_record,title;authors;year;venue;volume_or_series;issue_when_applicable;pages_or_article_number;doi_or_stable_record,primary_record_cross_checked,2026-09-16,"Metadata cross-checked against the canonical DOI/publisher record recorded during the project audit; DOI syntax, uniqueness, citation use, and ledger agreement are rechecked automatically."
mcconnell2011,Certifying Algorithms,"Ross M. McConnell and Kurt Mehlhorn and Stefan N{\""a}her and Pascal Schweitzer",2011,Computer Science Review,5,2,119--161,10.1016/j.cosrev.2010.09.009,https://doi.org/10.1016/j.cosrev.2010.09.009,doi_or_publisher_record,title;authors;year;venue;volume_or_series;issue_when_applicable;pages_or_article_number;doi_or_stable_record,primary_record_cross_checked,2026-09-16,"Metadata cross-checked against the canonical DOI/publisher record recorded during the project audit; DOI syntax, uniqueness, citation use, and ledger agreement are rechecked automatically."
blum1989,Designing Programs That Check Their Work,Manuel Blum and Sampath Kannan,1989,Proceedings of the ACM Symposium on Theory of Computing,,,86--97,10.1145/73007.73015,https://doi.org/10.1145/73007.73015,doi_or_publisher_record,title;authors;year;venue;volume_or_series;issue_when_applicable;pages_or_article_number;doi_or_stable_record,primary_record_cross_checked,2026-09-16,"Metadata cross-checked against the canonical DOI/publisher record recorded during the project audit; DOI syntax, uniqueness, citation use, and ledger agreement are rechecked automatically."
motik2014,"Parallel Materialisation of {Datalog} Programs in Centralised, Main-Memory {RDF} Systems",Boris Motik and Yavor Nenov and Robert Piro and Ian Horrocks and Dan Olteanu,2014,Proceedings of the AAAI Conference on Artificial Intelligence,28,1,129--137,10.1609/aaai.v28i1.8730,https://doi.org/10.1609/aaai.v28i1.8730,doi_or_publisher_record,title;authors;year;venue;volume_or_series;issue_when_applicable;pages_or_article_number;doi_or_stable_record,primary_record_cross_checked,2026-09-16,"Metadata cross-checked against the canonical DOI/publisher record recorded during the project audit; DOI syntax, uniqueness, citation use, and ledger agreement are rechecked automatically."
nenov2015,{RDFox}: A Highly-Scalable {RDF} Store,Yavor Nenov and Robert Piro and Boris Motik and Ian Horrocks and Zhe Wu and Jay Banerjee,2015,The Semantic Web -- ISWC,9367,,3--20,10.1007/978-3-319-25010-6_1,https://doi.org/10.1007/978-3-319-25010-6_1,doi_or_publisher_record,title;authors;year;venue;volume_or_series;issue_when_applicable;pages_or_article_number;doi_or_stable_record,primary_record_cross_checked,2026-09-16,"Metadata cross-checked against the canonical DOI/publisher record recorded during the project audit; DOI syntax, uniqueness, citation use, and ledger agreement are rechecked automatically."
jordan2016,Souffl{\'e}: On Synthesis of Program Analyzers,Herbert Jordan and Bernhard Scholz and Pavle Suboti{\'c},2016,Computer Aided Verification,9780,,422--430,10.1007/978-3-319-41540-6_23,https://doi.org/10.1007/978-3-319-41540-6_23,doi_or_publisher_record,title;authors;year;venue;volume_or_series;issue_when_applicable;pages_or_article_number;doi_or_stable_record,primary_record_cross_checked,2026-09-16,"Metadata cross-checked against the canonical DOI/publisher record recorded during the project audit; DOI syntax, uniqueness, citation use, and ledger agreement are rechecked automatically."
mcsherry2013,Differential Dataflow,Frank McSherry and Derek G. Murray and Rebecca Isaacs and Michael Isard,2013,Proceedings of the Conference on Innovative Data Systems Research (CIDR),,,,,https://www.microsoft.com/en-us/research/publication/differential-dataflow/,institutional_publication_record,title;authors;year;venue;volume_or_series;issue_when_applicable;pages_or_article_number;doi_or_stable_record,primary_record_cross_checked,2026-09-16,"No DOI is shown on the Microsoft Research publication record. That record identifies the four authors, title, Proceedings of CIDR 2013, and January 2013."
ahmad2012,"{DBToaster}: Higher-Order Delta Processing for Dynamic, Frequently Fresh Views",Yanif Ahmad and Oliver Kennedy and Christoph Koch and Milos Nikolic,2012,Proceedings of the VLDB Endowment,5,10,968--979,10.14778/2336664.2336670,https://doi.org/10.14778/2336664.2336670,doi_or_publisher_record,title;authors;year;venue;volume_or_series;issue_when_applicable;pages_or_article_number;doi_or_stable_record,primary_record_cross_checked,2026-09-16,"Metadata cross-checked against the canonical DOI/publisher record recorded during the project audit; DOI syntax, uniqueness, citation use, and ledger agreement are rechecked automatically."
budiu2023,{DBSP}: Automatic Incremental View Maintenance for Rich Query Languages,Mihai Budiu and Tej Chajed and Frank McSherry and Leonid Ryzhyk and Val Tannen,2023,Proceedings of the VLDB Endowment,16,7,1601--1614,10.14778/3587136.3587137,https://doi.org/10.14778/3587136.3587137,doi_or_publisher_record,title;authors;year;venue;volume_or_series;issue_when_applicable;pages_or_article_number;doi_or_stable_record,primary_record_cross_checked,2026-09-16,"Metadata cross-checked against the canonical DOI/publisher record recorded during the project audit; DOI syntax, uniqueness, citation use, and ledger agreement are rechecked automatically."
buneman2001,Why and Where: A Characterization of Data Provenance,Peter Buneman and Sanjeev Khanna and Wang-Chiew Tan,2001,Database Theory -- ICDT,1973,,316--330,10.1007/3-540-44503-X_20,https://doi.org/10.1007/3-540-44503-X_20,doi_or_publisher_record,title;authors;year;venue;volume_or_series;issue_when_applicable;pages_or_article_number;doi_or_stable_record,primary_record_cross_checked,2026-09-16,"Metadata cross-checked against the canonical DOI/publisher record recorded during the project audit; DOI syntax, uniqueness, citation use, and ledger agreement are rechecked automatically."
cheney2009,"Provenance in Databases: Why, How, and Where",James Cheney and Laura Chiticariu and Wang-Chiew Tan,2009,Foundations and Trends in Databases,1,4,379--474,10.1561/1900000006,https://doi.org/10.1561/1900000006,doi_or_publisher_record,title;authors;year;venue;volume_or_series;issue_when_applicable;pages_or_article_number;doi_or_stable_record,primary_record_cross_checked,2026-09-16,"Metadata cross-checked against the canonical DOI/publisher record recorded during the project audit; DOI syntax, uniqueness, citation use, and ledger agreement are rechecked automatically."
bourgaux2022,Revisiting Semiring Provenance for {Datalog},"Camille Bourgaux and Pierre Bourhis and Liat Peterfreund and Micha{\""e}l Thomazo",2022,Proceedings of the International Conference on Principles of Knowledge Representation and Reasoning,,,91--101,10.24963/kr.2022/10,https://doi.org/10.24963/kr.2022/10,doi_or_publisher_record,title;authors;year;venue;volume_or_series;issue_when_applicable;pages_or_article_number;doi_or_stable_record,primary_record_cross_checked,2026-09-16,"Metadata cross-checked against the canonical DOI/publisher record recorded during the project audit; DOI syntax, uniqueness, citation use, and ledger agreement are rechecked automatically."
calautti2024,The Complexity of Why-Provenance for {Datalog} Queries,Marco Calautti and Ester Livshits and Andreas Pieris and Markus Schneider,2024,Proceedings of the ACM on Management of Data,2,2,83:1--83:16,10.1145/3651146,https://doi.org/10.1145/3651146,doi_or_publisher_record,title;authors;year;venue;volume_or_series;issue_when_applicable;pages_or_article_number;doi_or_stable_record,primary_record_cross_checked,2026-09-16,"Metadata cross-checked against the canonical DOI/publisher record recorded during the project audit; DOI syntax, uniqueness, citation use, and ledger agreement are rechecked automatically."
zhao2025,Provenance Guided Rollback Suggestions,David Zhao and Pavle Suboti{\'c} and Mukund Raghothaman and Bernhard Scholz,2025,Theory and Practice of Logic Programming,25,3,256--280,10.1017/S147106842500002X,https://doi.org/10.1017/S147106842500002X,doi_or_publisher_record,title;authors;year;venue;volume_or_series;issue_when_applicable;pages_or_article_number;doi_or_stable_record,primary_record_cross_checked,2026-09-16,"Metadata cross-checked against the canonical DOI/publisher record recorded during the project audit; DOI syntax, uniqueness, citation use, and ledger agreement are rechecked automatically."
tsamoura2021,Materializing Knowledge Bases via Trigger Graphs,Efthymia Tsamoura and David Carral and Enrico Malizia and Jacopo Urbani,2021,Proceedings of the VLDB Endowment,14,6,943--956,10.14778/3447689.3447699,https://doi.org/10.14778/3447689.3447699,doi_or_publisher_record,title;authors;year;venue;volume_or_series;issue_when_applicable;pages_or_article_number;doi_or_stable_record,primary_record_cross_checked,2026-09-16,"Metadata cross-checked against the canonical DOI/publisher record recorded during the project audit; DOI syntax, uniqueness, citation use, and ledger agreement are rechecked automatically."
brandt2018,Querying Log Data with Metric Temporal Logic,"Sebastian Brandt and Elem G{\""u}zel Kalayc{\i} and Vladislav Ryzhikov and Guohui Xiao and Michael Zakharyaschev",2018,Journal of Artificial Intelligence Research,62,,829--877,10.1613/jair.1.11229,https://doi.org/10.1613/jair.1.11229,doi_or_publisher_record,title;authors;year;venue;volume_or_series;issue_when_applicable;pages_or_article_number;doi_or_stable_record,primary_record_cross_checked,2026-09-16,"Metadata cross-checked against the canonical DOI/publisher record recorded during the project audit; DOI syntax, uniqueness, citation use, and ledger agreement are rechecked automatically."
walega2019,{DatalogMTL}: Computational Complexity and Expressive Power,Przemys{\l}aw A. Wa{\l}{\k e}ga and Bernardo {Cuenca Grau} and Mark Kaminski and Egor V. Kostylev,2019,Proceedings of the International Joint Conference on Artificial Intelligence,,,1886--1892,10.24963/ijcai.2019/261,https://doi.org/10.24963/ijcai.2019/261,doi_or_publisher_record,title;authors;year;venue;volume_or_series;issue_when_applicable;pages_or_article_number;doi_or_stable_record,primary_record_cross_checked,2026-09-16,"Metadata cross-checked against the canonical DOI/publisher record recorded during the project audit; DOI syntax, uniqueness, citation use, and ledger agreement are rechecked automatically."
walegafinite2023,Finite Materialisability of {Datalog} Programs with Metric Temporal Operators,Przemys{\l}aw A. Wa{\l}{\k e}ga and Micha{\l} Zawidzki and Bernardo {Cuenca Grau},2023,Journal of Artificial Intelligence Research,76,,471--521,10.1613/jair.1.14040,https://doi.org/10.1613/jair.1.14040,doi_or_publisher_record,title;authors;year;venue;volume_or_series;issue_when_applicable;pages_or_article_number;doi_or_stable_record,primary_record_cross_checked,2026-09-16,"Metadata cross-checked against the canonical DOI/publisher record recorded during the project audit; DOI syntax, uniqueness, citation use, and ledger agreement are rechecked automatically."
walegastream2023,Stream Reasoning with {DatalogMTL},Przemys{\l}aw A. Wa{\l}{\k e}ga and Mark Kaminski and Dingmin Wang and Bernardo {Cuenca Grau},2023,Journal of Web Semantics,76,,100776,10.1016/j.websem.2023.100776,https://doi.org/10.1016/j.websem.2023.100776,doi_or_publisher_record,title;authors;year;venue;volume_or_series;issue_when_applicable;pages_or_article_number;doi_or_stable_record,primary_record_cross_checked,2026-09-16,"Metadata cross-checked against the canonical DOI/publisher record recorded during the project audit; DOI syntax, uniqueness, citation use, and ledger agreement are rechecked automatically."
beck2017,Ticker: A System for Incremental {ASP}-Based Stream Reasoning,Harald Beck and Thomas Eiter and Christian Folie,2017,Theory and Practice of Logic Programming,17,5--6,744--763,10.1017/S1471068417000370,https://doi.org/10.1017/S1471068417000370,doi_or_publisher_record,title;authors;year;venue;volume_or_series;issue_when_applicable;pages_or_article_number;doi_or_stable_record,primary_record_cross_checked,2026-09-16,"Metadata cross-checked against the canonical DOI/publisher record recorded during the project audit; DOI syntax, uniqueness, citation use, and ledger agreement are rechecked automatically."
baader2010,Axiom Pinpointing in General Tableaux,Franz Baader and Rafael Pe{\~n}aloza,2010,Journal of Logic and Computation,20,1,5--34,10.1093/logcom/exn058,https://doi.org/10.1093/logcom/exn058,doi_or_publisher_record,title;authors;year;venue;volume_or_series;issue_when_applicable;pages_or_article_number;doi_or_stable_record,primary_record_cross_checked,2026-09-16,"Metadata cross-checked against the canonical DOI/publisher record recorded during the project audit; DOI syntax, uniqueness, citation use, and ledger agreement are rechecked automatically."
ceylan2021,Preferred Explanations for Ontology-Mediated Queries under Existential Rules,{{\.I}smail {\.I}lkan} Ceylan and Thomas Lukasiewicz and Enrico Malizia and Cristian Molinaro and Andrius Vaicenavi{\v c}ius,2021,Proceedings of the AAAI Conference on Artificial Intelligence,35,7,6262--6270,10.1609/aaai.v35i7.16778,https://doi.org/10.1609/aaai.v35i7.16778,doi_or_publisher_record,title;authors;year;venue;volume_or_series;issue_when_applicable;pages_or_article_number;doi_or_stable_record,primary_record_cross_checked,2026-09-16,"Metadata cross-checked against the canonical DOI/publisher record recorded during the project audit; DOI syntax, uniqueness, citation use, and ledger agreement are rechecked automatically."
ceylan2020,Explanations for Negative Query Answers under Existential Rules,{{\.I}smail {\.I}lkan} Ceylan and Thomas Lukasiewicz and Enrico Malizia and Cristian Molinaro and Andrius Vaicenavi{\v c}ius,2020,Proceedings of the International Conference on Principles of Knowledge Representation and Reasoning,,,223--232,10.24963/kr.2020/23,https://doi.org/10.24963/kr.2020/23,doi_or_publisher_record,title;authors;year;venue;volume_or_series;issue_when_applicable;pages_or_article_number;doi_or_stable_record,primary_record_cross_checked,2026-09-16,"Metadata cross-checked against the canonical DOI/publisher record recorded during the project audit; DOI syntax, uniqueness, citation use, and ledger agreement are rechecked automatically."
vangelder1991,The Well-Founded Semantics for General Logic Programs,Allen {Van Gelder} and Kenneth A. Ross and John S. Schlipf,1991,Journal of the ACM,38,3,620--650,10.1145/116825.116838,https://doi.org/10.1145/116825.116838,doi_or_publisher_record,title;authors;year;venue;volume_or_series;issue_when_applicable;pages_or_article_number;doi_or_stable_record,primary_record_cross_checked,2026-09-16,"Metadata cross-checked against the canonical DOI/publisher record recorded during the project audit; DOI syntax, uniqueness, citation use, and ledger agreement are rechecked automatically."
cali2012,Towards More Expressive Ontology Languages: The Query Answering Problem,Andrea Cal{\`i} and Georg Gottlob and Andreas Pieris,2012,Artificial Intelligence,193,,87--128,10.1016/j.artint.2012.08.002,https://doi.org/10.1016/j.artint.2012.08.002,doi_or_publisher_record,title;authors;year;venue;volume_or_series;issue_when_applicable;pages_or_article_number;doi_or_stable_record,primary_record_cross_checked,2026-09-16,"Metadata cross-checked against the canonical DOI/publisher record recorded during the project audit; DOI syntax, uniqueness, citation use, and ledger agreement are rechecked automatically."
kalyanpur2007,Finding All Justifications of {OWL DL} Entailments,Aditya Kalyanpur and Bijan Parsia and Matthew Horridge and Evren Sirin,2007,The Semantic Web -- ISWC/ASWC,4825,,267--280,10.1007/978-3-540-76298-0_20,https://doi.org/10.1007/978-3-540-76298-0_20,doi_or_publisher_record,title;authors;year;venue;volume_or_series;issue_when_applicable;pages_or_article_number;doi_or_stable_record,primary_record_cross_checked,2026-09-16,"Metadata cross-checked against the canonical DOI/publisher record recorded during the project audit; DOI syntax, uniqueness, citation use, and ledger agreement are rechecked automatically."
akian2012,Tropical Polyhedra Are Equivalent to Mean Payoff Games,Marianne Akian and St{\'e}phane Gaubert and Alexander Guterman,2012,International Journal of Algebra and Computation,22,1,1250001,10.1142/S0218196711006674,https://doi.org/10.1142/S0218196711006674,doi_or_publisher_record,title;authors;year;venue;volume_or_series;issue_when_applicable;pages_or_article_number;doi_or_stable_record,primary_record_cross_checked,2026-09-16,"Metadata cross-checked against the canonical DOI/publisher record recorded during the project audit; DOI syntax, uniqueness, citation use, and ledger agreement are rechecked automatically."
zwick1996,The Complexity of Mean Payoff Games on Graphs,Uri Zwick and Mike Paterson,1996,Theoretical Computer Science,158,1--2,343--359,10.1016/0304-3975(95)00188-3,https://doi.org/10.1016/0304-3975(95)00188-3,doi_or_publisher_record,title;authors;year;venue;volume_or_series;issue_when_applicable;pages_or_article_number;doi_or_stable_record,primary_record_cross_checked,2026-09-16,"Metadata cross-checked against the canonical DOI/publisher record recorded during the project audit; DOI syntax, uniqueness, citation use, and ledger agreement are rechecked automatically."
ramalingam1996,An Incremental Algorithm for a Generalization of the Shortest-Path Problem,G. Ramalingam and Thomas W. Reps,1996,Journal of Algorithms,21,2,267--305,10.1006/jagm.1996.0046,https://doi.org/10.1006/jagm.1996.0046,doi_or_publisher_record,title;authors;year;venue;volume_or_series;issue_when_applicable;pages_or_article_number;doi_or_stable_record,primary_record_cross_checked,2026-09-16,"Metadata cross-checked against the canonical DOI/publisher record recorded during the project audit; DOI syntax, uniqueness, citation use, and ledger agreement are rechecked automatically."
abiteboul2016,A Formal Study of Collaborative Access Control in Distributed {Datalog},Serge Abiteboul and Pierre Bourhis and Victor Vianu,2016,International Conference on Database Theory,48,,10:1--10:17,10.4230/LIPIcs.ICDT.2016.10,https://doi.org/10.4230/LIPIcs.ICDT.2016.10,doi_or_publisher_record,title;authors;year;venue;volume_or_series;issue_when_applicable;pages_or_article_number;doi_or_stable_record,primary_record_cross_checked,2026-09-16,"Metadata cross-checked against the canonical DOI/publisher record recorded during the project audit; DOI syntax, uniqueness, citation use, and ledger agreement are rechecked automatically."
zhao2020,Debugging Large-Scale {Datalog}: A Scalable Provenance Evaluation Strategy,David Zhao and Pavle Suboti{\'c} and Bernhard Scholz,2020,ACM Transactions on Programming Languages and Systems,42,2,7:1--7:35,10.1145/3379446,https://doi.org/10.1145/3379446,doi_or_publisher_record,title;authors;year;venue;volume_or_series;issue_when_applicable;pages_or_article_number;doi_or_stable_record,primary_record_cross_checked,2026-09-16,"Metadata cross-checked against the canonical DOI/publisher record recorded during the project audit; DOI syntax, uniqueness, citation use, and ledger agreement are rechecked automatically."
gottlob2014,The Price of Query Rewriting in Ontology-Based Data Access,Georg Gottlob and Stanislav Kikot and Roman Kontchakov and Vladimir V. Podolskii and Thomas Schwentick and Michael Zakharyaschev,2014,Artificial Intelligence,213,,42--59,10.1016/j.artint.2014.04.004,https://doi.org/10.1016/j.artint.2014.04.004,doi_or_publisher_record,title;authors;year;venue;volume_or_series;issue_when_applicable;pages_or_article_number;doi_or_stable_record,primary_record_cross_checked,2026-09-16,"Metadata cross-checked against the canonical DOI/publisher record recorded during the project audit; DOI syntax, uniqueness, citation use, and ledger agreement are rechecked automatically."
stephen2026,Knowledge Graph-Driven Expert-Level Reasoning for Neuroscience,Jake Stephen and Niraj K. Jha,2026,arXiv,,,,10.48550/arXiv.2605.25183,https://doi.org/10.48550/arXiv.2605.25183,doi_or_publisher_record,title;authors;year;venue;volume_or_series;issue_when_applicable;pages_or_article_number;doi_or_stable_record,primary_record_cross_checked,2026-09-16,"Metadata cross-checked against the canonical DOI/publisher record recorded during the project audit; DOI syntax, uniqueness, citation use, and ledger agreement are rechecked automatically."
