claim_id,claim,proof_location,maturity,implementation_or_test,raw_evidence,paper_location,boundary,fresh_recheck
C1,Exact ranked finite Horn model,Proposition 2; model-and-proofs.md §2,mathematically_proved; finite_checked,tests/test_core.py; src/oracle.py,results/campaign/correct-*.json; candidate-*.json,"paper §2, Table 2","Closure and strictly ranked support, fixed positive ground rules","Final clean extraction: all 49 deterministic jobs matched results/campaign; results/reproduction/comparison.json. General proof is mathematical, not mechanized."
C2,Three-frontier exact sequential update checking,Theorem 6 and preceding lemmas; docs/model-and-proofs.md §§3-5,mathematically_proved; finite_checked,src/checker.py; tests/test_core.py; test_policy.py,results/campaign/correct-*.json; candidate-*.json; policy-*.json,paper §3,Verified old state; complete checker-owned indexes; serial in-memory semantics,"Final clean extraction: all 49 deterministic jobs matched results/campaign; results/reproduction/comparison.json. General proof is mathematical, not mechanized."
C3,Conditional fixed-block and complete singleton certificates,Theorem 7; model-and-proofs.md §5,mathematically_proved,src/producer.py; tests/test_boundaries.py,results/campaign/representation-*.json,paper §§3-4,Singleton fallback may rebuild globally,"Final clean extraction: all 49 deterministic jobs matched results/campaign; results/reproduction/comparison.json. General proof is mathematical, not mechanized."
C4,Fixed-proof block representability and obstructions,Theorem 8; model-and-proofs.md §6,mathematically_proved; finite_checked,src/obstruction_check.py; src/producer.py,results/campaign/representation-*.json,paper Figure 2,Specified selected proof; not all alternative proofs,"Final clean extraction: all 49 deterministic jobs matched results/campaign; results/reproduction/comparison.json. General proof is mathematical, not mechanized."
C5,Compatible proof selection equivalent to integer Max-Atom,Theorem 9; docs/model-and-proofs.md §10,mathematically_proved; finite_assignment_checked,src/selection.py; tests/test_selection.py,results/campaign/selection.json,paper §4,Polynomial reductions; no claimed general solver or new game complexity result,"Final clean extraction: all 49 deterministic jobs matched results/campaign; results/reproduction/comparison.json. General proof is mathematical, not mechanized."
C6,Scalar-rank lower bound and constant-field block exchange,Theorems 10-11; model-and-proofs.md §7,mathematically_proved; measured,src/cases.py; tests/test_boundaries.py,results/campaign/exchange-*.json,paper Figure 1; Table 3; Figure 3,Explicit scalar patch format only; fields not bytes constant,"Final clean extraction: all 49 deterministic jobs matched results/campaign; results/reproduction/comparison.json. General proof is mathematical, not mechanized."
C7,Witness-map lower bound and fan-in sensitivity,Theorem 12 and §5.3 example,mathematically_proved; measured,src/cases.py; tests/test_boundaries.py,results/campaign/star-*.json; fanin-*.json,paper §5; Table 3; Figure 3,Explicit head map; closure example is checker-specific,"Final clean extraction: all 49 deterministic jobs matched results/campaign; results/reproduction/comparison.json. General proof is mathematical, not mechanized."
C8,Finite temporal ground/tuple correspondence,Proposition 1 and induction in §2,mathematically_proved; finite_checked,src/temporal.py; src/semantic_check.py,results/campaign/policy-*.json; units.json,paper §6.5; Table 4,"216 generated updates over three adapted public examples; two independent expanders, but tuple fixed point reuses the second expander and shares its guard/shift/interval failure boundary; no deployment evidence",Code-path audit confirms direct_model calls semantic_check.elaborate; two-expander outputs and producer-versus-tuple fixed points retain zero disagreement in the 216 comparisons. This is not a third end-to-end semantics.
C9,Favorable and unfavorable measured local-check costs,No general performance theorem,measured,campaign.py; summarize.py,results/campaign/timing-raw.csv; timing-summary.csv,paper §6; Figure 3,"7 fixed-order repetitions; original CPU/architecture, OS/kernel, and Python implementation/full version were not recorded; no optimized-engine or end-to-end superiority claim","Deterministic results matched in clean extraction. Absolute timing samples are retained, but original environment fields are explicitly unrecoverable and later-host details are not substituted."
C10,Ordinary rejection retains verified state,Journal argument in paper §3.6 and docs/model-and-proofs.md §5,argued; finite_checked,tests/test_core.py; example.py,results/campaign/units.json; candidate-*.json,paper §3.6,"No crash, concurrency, or memory-exhaustion atomicity claim","Final clean extraction: all 49 deterministic jobs matched results/campaign; results/reproduction/comparison.json. General proof is mathematical, not mechanized."
C11,Exact minimum changed offset fields for a fixed feasible selected proof,Lemma 13 and Theorem 14; docs/offset-repair.md,mathematically_proved; finite_checked,src/offset_repair.py; repair_experiments.py; repair_tests.py,results/offset-repair.json; results/offset-repair-reproduction.json; results/offset-repair-reproduction-comparison.json,paper §5.4; Table 2,Specialization of established L0 violator-antichain method; fixed partition/witnesses; unbounded integers; not minimum bytes,110592 graph-target pairs: 51435 feasible and 59157 infeasible; zero feasibility/optimum mismatch and zero certificate failure; deterministic comparison matched.
C12,Separately checkable minimum-field optimality evidence,Theorem 15; docs/offset-repair.md,mathematically_proved; finite_checked,src/optimality_check.py; repair_tests.py,results/offset-repair.json; results/offset-repair-reproduction.json; results/offset-repair-reproduction-comparison.json; results/repair-units-final.txt,paper §5.5,Trusted complete selected-proof graph; global O(m+k^2) path checking; not part of local acceptance cost,"All 51435 feasible oracle outputs passed the separate checker; all 15 repair tests passed; checker imports no optimizer, closure, or matching implementation."
C13,Avoidable field edits and unfavorable optimization/transport controls,No general performance theorem; docs/offset-repair.md,measured,repair_experiments.py; export_repair_data.py,results/offset-repair.json; results/offset-repair-reproduction.json; results/offset-repair-reproduction-comparison.json; results/offset-input-guard.json,paper §6.6; Table 5,Three designed families; six sizes; seven rolled-back repetitions; original timing environment not recorded; no optimized engine or deployment claim,"All 126 structured rows matched on deterministic fields; runtime, resource, and environment metadata are excluded from equality. Original absolute-time traceability remains limited."
C14,Exact minimum changed offset fields under independent per-coordinate integer intervals,Theorem 16; docs/offset-repair.md §Per-coordinate integer intervals,mathematically_proved; finite_checked,src/bounded_offset_repair.py; src/bounded_optimality_check.py; bounded_repair_experiments.py; repair_tests.py,results/bounded-offset-repair.json; results/bounded-offset-repair-reproduction.json; results/bounded-offset-repair-reproduction-comparison.json; results/repair-units-final.txt,paper §5.6; §6.6,"Fixed selected proof, partition, and local labels; independent box bounds; not minimum bytes or coupled-domain optimization",331776 exact cases: 125577 feasible and 206199 infeasible; zero optimizer mismatch and zero certificate failure; deterministic comparison matched.
C15,Independent deterministic property and input-contract audit of delivered implementations,No general proof claim; audit_tests.py reimplements finite oracles and strict-input probes,finite_checked,audit_tests.py; verify_artifact.py,results/audit-units-final.txt; results/coverage-final.txt; results/artifact-structure-final.json,paper §6.2; Table 2,"3000 unbounded and 3000 bounded random instances; 2000 ordered updates; 12250 assignment checks; deterministic finite audit, not exhaustive or independent peer review","All 6 audit methods passed after input hardening; import-boundary and structural verifier reported no violations. Coverage was measured as a diagnostic only, not treated as correctness evidence."
C16,"Bibliography identity, use, and venue-calibration traceability",docs/bibliography-verification.md; literature_calibration.csv,primary_record_cross_checked; deterministic_consistency_checked,verify_bibliography.py; check_references.py,bibliography_verification.csv; literature_sources.csv; results/bibliography-verification-final.json; results/reference-check-final.json,paper bibliography and §7,63 cited records checked against a frozen primary/canonical record ledger; 61 DOI and 2 approved non-DOI records; not a live registry guarantee or content peer review,"63 BibTeX entries, 63 cited keys, 63 source rows, and 63 verification rows matched; zero duplicate DOI, missing key, unused entry, nocite command, or 12+5+5 calibration error."
