name,url,license,resource_type,acquisition_method,integration_mode,supported_claim,internals_modified,access_date
Casbin ordinary example,https://raw.githubusercontent.com/casbin/casbin/master/examples/rbac_policy.csv,Apache-2.0,input,"Readable public raw view; records transcribed, terminal newline normalized",Exact consumed CSV retained,Example policy adaptation,No implementation consumed,2026-09-11
Casbin domain example,https://raw.githubusercontent.com/casbin/casbin/master/examples/rbac_with_domains_policy.csv,Apache-2.0,input,"Readable public raw view; records transcribed, terminal newline normalized",Exact consumed CSV retained,Domain-scoped example adaptation,No implementation consumed,2026-09-11
Casbin resource-role example,https://raw.githubusercontent.com/casbin/casbin/master/examples/rbac_with_resource_roles_policy.csv,Apache-2.0,input,"Readable public raw view; records transcribed, terminal newline normalized",Exact consumed CSV retained,Resource-role example adaptation,No implementation consumed,2026-09-11
Casbin license,https://raw.githubusercontent.com/casbin/casbin/master/LICENSE,Apache-2.0,license,Public raw view,License notice retained,Lawful fixture reuse,No,2026-09-11
Maintenance of datalog materialisations revisited,https://doi.org/10.1016/j.artint.2018.12.004,CC-BY-4.0 stated on author PDF,research article,Author-hosted full text,Cited; no source code reused,Established producer baseline; broader maintenance methods,No,2026-09-11
Modular materialisation of Datalog programs,https://doi.org/10.1016/j.artint.2022.103726,CC-BY-4.0 stated on author PDF,research article,Author-hosted full text,Cited; no source code reused,Module contract comparison,No,2026-09-11
Incremental Maintenance of DatalogMTL Materialisations,https://doi.org/10.1609/aaai.v40i23.39025,Publication rights retained upstream,research article,Official record and arXiv full text,Cited; no algorithm execution,Temporal maintenance already established,No,2026-09-11
Incremental Inference for Probabilistic Datalog,https://doi.org/10.1007/978-3-032-32537-2_8,Open-access article; no redistribution here,research article,Publisher full text,Cited; no source code reused,Complete provenance differs from one Boolean witness,No,2026-09-11
The Max-Atom Problem and Its Relevance,https://doi.org/10.1007/978-3-540-89439-1_4,Publication rights retained upstream,research article,Publisher record; author-uploaded text,Cited; newly implemented reduction only,Established target problem,No,2026-09-11
Mean-Payoff Games and the Max-Atom Problem,https://www.cs.upc.edu/~atserias/papers/mean-payoff-games-max-atom/mpma.pdf,Author manuscript; not redistributed,research manuscript,Author-hosted PDF,Cited; no code reused,Established max/min-to-max-atom relationship,No,2026-09-11
Elsevier elsarticle family,https://www.elsevier.com/researcher/author/policies-and-guidelines/latex-instructions,LPPL-1.3-or-later,template,Matched supplied archive; official family checked,Unmodified class and bibliography style in paper only,Submission-family typography,No,2026-09-11
Verifying Datalog Reasoning with Lean,https://doi.org/10.4230/LIPIcs.ITP.2025.36,CC-BY-4.0; paper not redistributed,research article,Publisher HTML/PDF; Sections 3-5 and evaluation inspected,Cited; no upstream code executed,Existing checked proof graphs; ordered graph encoding; completeness checking,No,2026-09-11
Certified Graph View Maintenance with Regular Datalog,https://doi.org/10.1017/S1471068418000224,Publication rights retained upstream; not redistributed,research article,Publisher record and arXiv 1804.10565; Sections 3-4/Theorem 1 inspected,Cited; no upstream code executed,Mechanized incremental producer and compositional support contract,No,2026-09-11
Certifying Incremental SAT Solving,https://doi.org/10.29007/pdcc,Publication rights retained upstream; not redistributed,research article,Publisher full text; Sections 3-4 inspected,Cited; no upstream code executed,Stateful incremental proof formats already established,No,2026-09-11
Maintaining Views Incrementally,https://doi.org/10.1145/170035.170066,Publication rights retained upstream; not redistributed,research article,SIGMOD Record full text and bibliographic record,Cited; no upstream code executed,Established delete-and-rederive baseline,No,2026-09-11
The Delay and Window Size Problems in Rule-Based Stream Reasoning,https://doi.org/10.1016/j.artint.2022.103668,Publication rights retained upstream; not redistributed,research article,Author-hosted full text; introductory model and complexity sections,Cited; no upstream code executed,Window inference differs from retrospective finite-clock updates,No,2026-09-11
Temporal Constraint Networks,https://doi.org/10.1016/0004-3702(91)90006-6,Publication rights retained upstream; not redistributed,research article,Author record and primary article; general foundation only,Cited; no upstream code executed,Established difference-constraint principle,No,2026-09-11
Scheduling with AND/OR Precedence Constraints,https://doi.org/10.1137/S009753970037727X,Publication rights retained upstream; not redistributed,research article,Publisher/author record,Cited; no upstream code executed,Conjunctive and alternative precedence foundations,No,2026-09-11
Provenance Semirings,https://doi.org/10.1145/1265530.1265535,Publication rights retained upstream; not redistributed,research article,Scholarly publication record and author text,Cited; no upstream code executed,Algebraic all-derivation provenance differs from one witness,No,2026-09-11
Proof-Carrying Code,https://doi.org/10.1145/263699.263712,Publication rights retained upstream; not redistributed,research article,Original publication record,Cited; no upstream code executed,Established producer/consumer trust separation,No,2026-09-11
MeTeoR: Practical Reasoning in DatalogMTL,https://doi.org/10.1609/aaai.v36i5.20535,Publication rights retained upstream; not redistributed,research article,Official publication record,Cited; no upstream code executed,Richer temporal materialisation setting,No,2026-09-11
Materialisation-Based Reasoning in DatalogMTL with Bounded Intervals,https://doi.org/10.1609/aaai.v37i5.25807,Publication rights retained upstream; not redistributed,research article,Official publication record and abstract,Cited; no upstream code executed,Periodic canonical models and saturation; not a bounded-memory theorem,No,2026-09-11
On Rules with Existential Variables: Walking the Decidability Line!,https://doi.org/10.1016/j.artint.2011.03.002,Publication rights retained upstream; not redistributed,research article,Author-hosted full text available; targeted framing only,Cited; no upstream code executed,Existential-rule decidability is a distinct boundary,No,2026-09-11
A Truth Maintenance System,https://doi.org/10.1016/0004-3702(79)90008-0,Publication rights remain upstream; no source files redistributed,scholarly literature,Scholarly primary record/abstract or stated foundational result; no complete-paper reading or numerical theorem census claimed,Citation and method comparison; see literature_sources.csv,Justification-based truth maintenance precedes this work,No upstream code consumed,2026-09-14
An Assumption-Based {TMS},https://doi.org/10.1016/0004-3702(86)90080-9,Publication rights remain upstream; no source files redistributed,scholarly literature,Scholarly primary record/abstract or stated foundational result; no complete-paper reading or numerical theorem census claimed,Citation and method comparison; see literature_sources.csv,Support across assumption environments differs from one selected proof,No upstream code consumed,2026-09-14
Structure-Driven Algorithms for Truth Maintenance,https://doi.org/10.1016/0004-3702(94)00096-4,Publication rights remain upstream; no source files redistributed,scholarly literature,"Full-text structure-driven TMS, support generation, conclusion and appendix passages; 25 references inspected",Citation and method comparison; see literature_sources.csv,Structure-driven truth maintenance and minimum assumption changes differ from offset edits,No upstream code consumed,2026-09-14
{LARS}: A Logic-Based Framework for Analytic Reasoning over Streams,https://doi.org/10.1016/j.artint.2018.04.003,Publication rights remain upstream; no source files redistributed,scholarly literature,Scholarly primary record/abstract or stated foundational result; no complete-paper reading or numerical theorem census claimed,Citation and method comparison; see literature_sources.csv,"Stream/window semantics under LARS, not fixed retroactive snapshots",No upstream code consumed,2026-09-14
Explanations for Query Answers under Existential Rules,https://doi.org/10.1016/j.artint.2025.104294,Publication rights remain upstream; no source files redistributed,scholarly literature,Scholarly primary record/abstract or stated foundational result; no complete-paper reading or numerical theorem census claimed,Citation and method comparison; see literature_sources.csv,Explanations for query answers under existential rules are a distinct output,No upstream code consumed,2026-09-14
Consequence-Based and Fixed-Parameter Tractable Reasoning in Description Logics,https://doi.org/10.1016/j.artint.2014.01.002,Publication rights remain upstream; no source files redistributed,scholarly literature,Author full-text decomposition/reasoning framing and reference section; not full-paper census,Citation and method comparison; see literature_sources.csv,"Consequence-based and decomposition-parameterized DL reasoning, not arbitrary rank blocks",No upstream code consumed,2026-09-14
Processing Disjunctions in Temporal Constraint Networks,https://doi.org/10.1016/S0004-3702(97)00009-X,Publication rights remain upstream; no source files redistributed,scholarly literature,Publisher abstract and author preprint front matter; extracted body text partly garbled,Citation and method comparison; see literature_sources.csv,Disjunctive temporal constraints separate alternatives and propagation,No upstream code consumed,2026-09-14
The Semantics of Predicate Logic as a Programming Language,https://doi.org/10.1145/321978.321991,Publication rights remain upstream; no source files redistributed,scholarly literature,Scholarly primary record/abstract or stated foundational result; no complete-paper reading or numerical theorem census claimed,Citation and method comparison; see literature_sources.csv,Standard least-fixed-point semantics of positive logic programs,No upstream code consumed,2026-09-14
Linear-Time Algorithms for Testing the Satisfiability of Propositional Horn Formulae,https://doi.org/10.1016/0743-1066(84)90014-1,Publication rights remain upstream; no source files redistributed,scholarly literature,Scholarly primary record/abstract or stated foundational result; no complete-paper reading or numerical theorem census claimed,Citation and method comparison; see literature_sources.csv,Classical linear-time propositional Horn satisfiability,No upstream code consumed,2026-09-14
A Decomposition Theorem for Partially Ordered Sets,https://doi.org/10.2307/1969503,Publication rights remain upstream; no source files redistributed,scholarly literature,Scholarly primary record/abstract or stated foundational result; no complete-paper reading or numerical theorem census claimed,Citation and method comparison; see literature_sources.csv,Maximum antichain equals minimum chain-cover cardinality,No upstream code consumed,2026-09-14
{L0} Isotonic Regression with Secondary Objectives,https://doi.org/10.48550/arXiv.2106.00279,Publication rights remain upstream; no source files redistributed,scholarly literature,"Full-text section 2 (violator graph, antichain, flow and extension), plus revised-preprint metadata",Citation and method comparison; see literature_sources.csv,Established L0 violator-DAG maximum-antichain method; central prior-art attribution,No upstream code consumed,2026-09-14
Algorithm 97: Shortest Path,https://doi.org/10.1145/367766.368168,Publication rights remain upstream; no source files redistributed,scholarly literature,Scholarly primary record/abstract or stated foundational result; no complete-paper reading or numerical theorem census claimed,Citation and method comparison; see literature_sources.csv,All-pairs closure recurrence specialized to max-plus path weights,No upstream code consumed,2026-09-14
"Incremental Cycle Detection, Topological Ordering, and Strong Component Maintenance",https://doi.org/10.1145/2071379.2071382,Publication rights remain upstream; no source files redistributed,scholarly literature,Scholarly primary record/abstract or stated foundational result; no complete-paper reading or numerical theorem census claimed,Citation and method comparison; see literature_sources.csv,Implicit dynamic topological ordering is outside explicit scalar-patch lower bound,No upstream code consumed,2026-09-14
Certifying Algorithms,https://doi.org/10.1016/j.cosrev.2010.09.009,Publication rights remain upstream; no source files redistributed,scholarly literature,Scholarly primary record/abstract or stated foundational result; no complete-paper reading or numerical theorem census claimed,Citation and method comparison; see literature_sources.csv,General certifying-algorithm framework; survey not counted as original AIJ calibration,No upstream code consumed,2026-09-14
Designing Programs That Check Their Work,https://doi.org/10.1145/73007.73015,Publication rights remain upstream; no source files redistributed,scholarly literature,Scholarly primary record/abstract or stated foundational result; no complete-paper reading or numerical theorem census claimed,Citation and method comparison; see literature_sources.csv,Classical computation checking,No upstream code consumed,2026-09-14
"Parallel Materialisation of {Datalog} Programs in Centralised, Main-Memory {RDF} Systems",https://www.cs.ox.ac.uk/boris.motik/pubs/,Publication rights remain upstream; no source files redistributed,scholarly literature,Scholarly primary record/abstract or stated foundational result; no complete-paper reading or numerical theorem census claimed,Citation and method comparison; see literature_sources.csv,Parallel materialisation engineering; not executed as a benchmark here,No upstream code consumed,2026-09-14
{RDFox}: A Highly-Scalable {RDF} Store,https://doi.org/10.1007/978-3-319-25010-6_1,Publication rights remain upstream; no source files redistributed,scholarly literature,Scholarly primary record/abstract or stated foundational result; no complete-paper reading or numerical theorem census claimed,Citation and method comparison; see literature_sources.csv,RDFox store engineering; not executed as a benchmark here,No upstream code consumed,2026-09-14
Souffl{\'e}: On Synthesis of Program Analyzers,https://doi.org/10.1007/978-3-319-41540-6_23,Publication rights remain upstream; no source files redistributed,scholarly literature,Scholarly primary record/abstract or stated foundational result; no complete-paper reading or numerical theorem census claimed,Citation and method comparison; see literature_sources.csv,Compiled Datalog program analyzers; not executed as a benchmark here,No upstream code consumed,2026-09-14
Differential Dataflow,https://www.cidrdb.org/cidr2013/Papers/CIDR13_Paper111.pdf,Publication rights remain upstream; no source files redistributed,scholarly literature,"Full-text logical timestamps, differential iteration and implementation introduction",Citation and method comparison; see literature_sources.csv,Partially ordered logical timestamps and differences through iterative computation,No upstream code consumed,2026-09-14
"{DBToaster}: Higher-Order Delta Processing for Dynamic, Frequently Fresh Views",https://doi.org/10.14778/2336664.2336670,Publication rights remain upstream; no source files redistributed,scholarly literature,Primary paper introduction and higher-order delta framing; exact journal metadata checked,Citation and method comparison; see literature_sources.csv,Higher-order delta processing for incremental views,No upstream code consumed,2026-09-14
{DBSP}: Automatic Incremental View Maintenance for Rich Query Languages,https://doi.org/10.14778/3587136.3587137,Publication rights remain upstream; no source files redistributed,scholarly literature,Full-text introduction and algebraic model/circuit sections; formalization statement; first-page metadata,Citation and method comparison; see literature_sources.csv,Algebraic incremental circuits with formalized correctness; not arbitrary-patch acceptance,No upstream code consumed,2026-09-14
Why and Where: A Characterization of Data Provenance,https://doi.org/10.1007/3-540-44503-X_20,Publication rights remain upstream; no source files redistributed,scholarly literature,Scholarly primary record/abstract or stated foundational result; no complete-paper reading or numerical theorem census claimed,Citation and method comparison; see literature_sources.csv,Why versus where provenance distinctions,No upstream code consumed,2026-09-14
"Provenance in Databases: Why, How, and Where",https://doi.org/10.1561/1900000006,Publication rights remain upstream; no source files redistributed,scholarly literature,Scholarly primary record/abstract or stated foundational result; no complete-paper reading or numerical theorem census claimed,Citation and method comparison; see literature_sources.csv,Why/how/where provenance taxonomy; survey not an original-method calibration item,No upstream code consumed,2026-09-14
Revisiting Semiring Provenance for {Datalog},https://doi.org/10.24963/kr.2022/10,Publication rights remain upstream; no source files redistributed,scholarly literature,Official paper metadata and abstract explaining recursive-provenance semantic distinctions,Citation and method comparison; see literature_sources.csv,Recursive Datalog admits distinct semiring-provenance semantics,No upstream code consumed,2026-09-14
The Complexity of Why-Provenance for {Datalog} Queries,https://doi.org/10.1145/3651146,Publication rights remain upstream; no source files redistributed,scholarly literature,Author preprint abstract and journal DOI metadata; no complexity theorem imported,Citation and method comparison; see literature_sources.csv,"Why-provenance complexity, distinct from Boolean witness selection",No upstream code consumed,2026-09-14
Provenance Guided Rollback Suggestions,https://doi.org/10.1017/S147106842500002X,Publication rights remain upstream; no source files redistributed,scholarly literature,"Publisher full HTML, relevant provenance annotations, rollback objective and method passages",Citation and method comparison; see literature_sources.csv,Incremental proof annotations and input rollback optimization; different minimized object,No upstream code consumed,2026-09-14
Materializing Knowledge Bases via Trigger Graphs,https://doi.org/10.14778/3447689.3447699,Publication rights remain upstream; no source files redistributed,scholarly literature,Primary full-text introduction and trigger-graph method framing,Citation and method comparison; see literature_sources.csv,Trigger graphs reduce redundant producer rule applications,No upstream code consumed,2026-09-14
Querying Log Data with Metric Temporal Logic,https://doi.org/10.1613/jair.1.11229,Publication rights remain upstream; no source files redistributed,scholarly literature,Scholarly primary record/abstract or stated foundational result; no complete-paper reading or numerical theorem census claimed,Citation and method comparison; see literature_sources.csv,Metric-temporal log querying uses richer operators than fixed point shifts,No upstream code consumed,2026-09-14
{DatalogMTL}: Computational Complexity and Expressive Power,https://doi.org/10.24963/ijcai.2019/261,Publication rights remain upstream; no source files redistributed,scholarly literature,Scholarly primary record/abstract or stated foundational result; no complete-paper reading or numerical theorem census claimed,Citation and method comparison; see literature_sources.csv,Operator-sensitive DatalogMTL complexity and expressive power,No upstream code consumed,2026-09-14
Finite Materialisability of {Datalog} Programs with Metric Temporal Operators,https://doi.org/10.1613/jair.1.14040,Publication rights remain upstream; no source files redistributed,scholarly literature,Scholarly primary record/abstract or stated foundational result; no complete-paper reading or numerical theorem census claimed,Citation and method comparison; see literature_sources.csv,Finite materialisability is a separate property,No upstream code consumed,2026-09-14
Stream Reasoning with {DatalogMTL},https://doi.org/10.1016/j.websem.2023.100776,Publication rights remain upstream; no source files redistributed,scholarly literature,Scholarly primary record/abstract or stated foundational result; no complete-paper reading or numerical theorem census claimed,Citation and method comparison; see literature_sources.csv,DatalogMTL stream reasoning and memory considerations,No upstream code consumed,2026-09-14
Ticker: A System for Incremental {ASP}-Based Stream Reasoning,https://doi.org/10.1017/S1471068417000370,Publication rights remain upstream; no source files redistributed,scholarly literature,Scholarly primary record/abstract or stated foundational result; no complete-paper reading or numerical theorem census claimed,Citation and method comparison; see literature_sources.csv,"Incremental ASP-based stream reasoning, not this positive finite semantics",No upstream code consumed,2026-09-14
Axiom Pinpointing in General Tableaux,https://doi.org/10.1093/logcom/exn058,Publication rights remain upstream; no source files redistributed,scholarly literature,Scholarly primary record/abstract or stated foundational result; no complete-paper reading or numerical theorem census claimed,Citation and method comparison; see literature_sources.csv,Axiom pinpointing identifies responsible axioms,No upstream code consumed,2026-09-14
Preferred Explanations for Ontology-Mediated Queries under Existential Rules,https://doi.org/10.1609/aaai.v35i7.16778,Publication rights remain upstream; no source files redistributed,scholarly literature,Scholarly primary record/abstract or stated foundational result; no complete-paper reading or numerical theorem census claimed,Citation and method comparison; see literature_sources.csv,Preferred query explanations differ from minimum representation edits,No upstream code consumed,2026-09-14
Explanations for Negative Query Answers under Existential Rules,https://doi.org/10.24963/kr.2020/23,Publication rights remain upstream; no source files redistributed,scholarly literature,Scholarly primary record/abstract or stated foundational result; no complete-paper reading or numerical theorem census claimed,Citation and method comparison; see literature_sources.csv,Negative-answer explanations differ from verifying positive closure,No upstream code consumed,2026-09-14
The Well-Founded Semantics for General Logic Programs,https://doi.org/10.1145/116825.116838,Publication rights remain upstream; no source files redistributed,scholarly literature,Scholarly primary record/abstract or stated foundational result; no complete-paper reading or numerical theorem census claimed,Citation and method comparison; see literature_sources.csv,Well-founded semantics with negation is not the strict rank condition used here,No upstream code consumed,2026-09-14
Towards More Expressive Ontology Languages: The Query Answering Problem,https://doi.org/10.1016/j.artint.2012.08.002,Publication rights remain upstream; no source files redistributed,scholarly literature,Scholarly primary record/abstract or stated foundational result; no complete-paper reading or numerical theorem census claimed,Citation and method comparison; see literature_sources.csv,Expressive existential ontology/query-answering restrictions are outside the fragment,No upstream code consumed,2026-09-14
Finding All Justifications of {OWL DL} Entailments,https://doi.org/10.1007/978-3-540-76298-0_20,Publication rights remain upstream; no source files redistributed,scholarly literature,Scholarly primary record/abstract or stated foundational result; no complete-paper reading or numerical theorem census claimed,Citation and method comparison; see literature_sources.csv,Multiple minimal OWL justifications differ from one selected ranked proof,No upstream code consumed,2026-09-14
Tropical Polyhedra Are Equivalent to Mean Payoff Games,https://doi.org/10.1142/S0218196711006674,Publication rights remain upstream; no source files redistributed,scholarly literature,Scholarly primary record/abstract or stated foundational result; no complete-paper reading or numerical theorem census claimed,Citation and method comparison; see literature_sources.csv,Established tropical-polyhedron/mean-payoff equivalence,No upstream code consumed,2026-09-14
The Complexity of Mean Payoff Games on Graphs,https://doi.org/10.1016/0304-3975(95)00188-3,Publication rights remain upstream; no source files redistributed,scholarly literature,Scholarly primary record/abstract or stated foundational result; no complete-paper reading or numerical theorem census claimed,Citation and method comparison; see literature_sources.csv,Established mean-payoff game complexity,No upstream code consumed,2026-09-14
An Incremental Algorithm for a Generalization of the Shortest-Path Problem,https://doi.org/10.1006/jagm.1996.0046,Publication rights remain upstream; no source files redistributed,scholarly literature,Scholarly primary record/abstract or stated foundational result; no complete-paper reading or numerical theorem census claimed,Citation and method comparison; see literature_sources.csv,Generalized incremental shortest-path repair precedes this work,No upstream code consumed,2026-09-14
A Formal Study of Collaborative Access Control in Distributed {Datalog},https://doi.org/10.4230/LIPIcs.ICDT.2016.10,Publication rights remain upstream; no source files redistributed,scholarly literature,Scholarly primary record/abstract or stated foundational result; no complete-paper reading or numerical theorem census claimed,Citation and method comparison; see literature_sources.csv,"Formal access-control context, not validation of the adapted example schedules",No upstream code consumed,2026-09-14
Debugging Large-Scale {Datalog}: A Scalable Provenance Evaluation Strategy,https://doi.org/10.1145/3379446,Publication rights remain upstream; no source files redistributed,scholarly literature,Primary conference presentation abstract and TOPLAS linkage; exact claim limited to proof-annotation debugging,Citation and method comparison; see literature_sources.csv,Large-scale Datalog proof annotations for provenance debugging,No upstream code consumed,2026-09-14
Knowledge Graph-Driven Expert-Level Reasoning for Neuroscience,https://arxiv.org/abs/2605.25183,Publication rights remain upstream; no paper file redistributed,research-origin literature,ArXiv abstract and full text inspected,"Lineage assessment only; no model, dataset, code, or medical claim imported","Motivating source builds textbook-derived neuroscience knowledge-graph supervision for language-model reasoning, not temporal Datalog or incremental proof maintenance",No upstream implementation consumed,2026-09-15
The Price of Query Rewriting in Ontology-Based Data Access,https://doi.org/10.1016/j.artint.2014.04.004,Publication rights remain upstream; no paper file redistributed,scholarly literature,Accessible author/repository full text inspected for calibration and representation-size argument,"Citation, related-work comparison, and full-paper calibration only",Established representation-succinctness gaps in ontology-based query rewriting; distinct from one fixed update-certificate rank format,No upstream implementation consumed,2026-09-15
