group,slot,bibkey,title,venue,year,doi,full_text_url,reference_count,reference_count_basis,motivating_problem,general_principle,proof_or_performance_argument,practical_connection,evaluation_breadth,artifact_strength,narrative_sequence,sections,figure_table_roles,lesson_for_this_paper,reading_record,overlap_note
same_venue,1,motik2019,Maintenance of Datalog Materialisations Revisited,Artificial Intelligence 269,2019,10.1016/j.artint.2018.12.004,https://www.cs.ox.ac.uk/boris.motik/pubs/mnph19maintenance-revisited.pdf,81,Numbered or individually delimited entries in the accessible full-text bibliography; counted once per bibliographic entry.,Updating recursive Datalog materialisations without repeating all inference.,"Separate counting, optimized DRed, and forward/backward/forward strategies and compare their trade-offs.",Correctness and hard inference-count bounds are paired with an extensive empirical comparison.,Knowledge-graph and rule-system materialisation maintenance.,Multiple real and synthetic workloads; robustness and update-size scaling; unfavorable cases retained.,Implementation/evaluation described in the paper; no code imported here.,Problem and prior algorithms → formal algorithms → worst-case comparison → implementation → evaluation → conclusions.,11 numbered sections plus appendices/proofs in the full article.,Algorithm pseudocode and result plots/tables explain mechanism and trade-offs.,Pair every incremental claim with both correctness conditions and countervailing workload behavior.,"Targeted full-paper calibration: abstract/introduction, formal setting, algorithm/correctness sections, comparison/evaluation, conclusion, figures/tables, and complete bibliography inspected.",
same_venue,2,hu2022,Modular Materialisation of Datalog Programs,Artificial Intelligence 308,2022,10.1016/j.artint.2022.103726,https://www.cs.ox.ac.uk/boris.motik/pubs/hmh22modular-materialisation.pdf,90,Numbered or individually delimited entries in the accessible full-text bibliography; counted once per bibliographic entry.,Combining specialized reasoning procedures while preserving complete materialisation.,Give modules explicit interfaces and conditions under which module-local procedures compose.,Formal definitions and correctness theorem isolate the trusted contract; experiments study modular performance.,Extensible rule engines with specialized algorithms.,Evaluation compares modular strategies on ontology/rule workloads; the theory remains primary.,Prototype evidence reported by the paper; no upstream executable used here.,Motivation → module contract → modular algorithms → correctness → implementation/evaluation → related work.,Formal core followed by evaluation and conclusions.,Architecture/algorithm diagrams and performance tables connect the contract to execution.,State the maintained object and module contract before arguing locality; do not conflate program modules with rank blocks.,"Targeted full-paper calibration: problem framing, Definitions 8–11, main correctness result, implementation/evaluation, conclusion, visuals, and complete bibliography inspected.",
same_venue,3,ronca2022,The Delay and Window Size Problems in Rule-Based Stream Reasoning,Artificial Intelligence 306,2022,10.1016/j.artint.2022.103668,https://www.cs.ox.ac.uk/people/ian.horrocks/Publications/download/2022/RoncaKGH22.pdf,61,Numbered or individually delimited entries in the accessible full-text bibliography; counted once per bibliographic entry.,When finite delay and finite windows suffice for sound and complete stream reasoning.,Define semantic delay/window properties separately and characterize their computability and complexity.,Reductions and decision procedures give positive and negative boundaries.,Memory-bounded rule-based stream processing.,Theoretical examples and complexity classification rather than a deployment benchmark.,No executable artifact is required for the central theorem.,Operational motivation → semantics → two decision problems → algorithms/complexity → implications.,Formal problem sections with a consolidated related-work/conclusion sequence.,Small semantic examples and summary tables clarify distinctions.,Keep retrospective fixed-horizon updates distinct from online forgetting and safe-window results.,"Targeted full-paper calibration: introduction, semantics, principal decision results, examples, conclusion, visual/table roles, and complete bibliography inspected.",
same_venue,4,simancik2014,Consequence-Based and Fixed-Parameter Tractable Reasoning in Description Logics,Artificial Intelligence 209,2014,10.1016/j.artint.2014.01.002,https://www.cs.ox.ac.uk/boris.motik/pubs/smh14consequence-FPT.pdf,37,Numbered or individually delimited entries in the accessible full-text bibliography; counted once per bibliographic entry.,Obtaining practical consequence reasoning with guarantees parameterized by structural properties.,Use a consequence-based calculus whose complexity is controlled by an explicit decomposition parameter.,Soundness/completeness and fixed-parameter analysis are tied to the exact decomposition.,Description-logic reasoning and ontology systems.,Formal analysis plus implementation-oriented discussion/examples.,No artifact consumed; the full article documents the calculus.,Motivating bottleneck → calculus → correctness/complexity → tractable fragments → discussion.,Theory-led sections with examples and comparison.,Rule schemata and compact tables make parameter dependence visible.,Name the decomposition object and guarantee precisely; arbitrary rank blocks inherit none of these results.,"Targeted full-paper calibration: problem framing, calculus/decomposition sections, main proofs/complexity statements, conclusion, visuals, and complete bibliography inspected.",
same_venue,5,baget2011,On Rules with Existential Variables: Walking the Decidability Line,Artificial Intelligence 175(9–10),2011,10.1016/j.artint.2011.03.002,https://doi.org/10.1016/j.artint.2011.03.002,38,Numbered or individually delimited entries in the accessible full-text bibliography; counted once per bibliographic entry.,Locating decidable fragments of existential-rule query answering.,Classify rule restrictions by how they control chase dependencies and termination/decidability.,Constructive decidability arguments and boundary examples organize a family of fragments.,Ontology and knowledge-base query answering.,Formal taxonomy and examples; no performance campaign central to the contribution.,No artifact required for the classification.,Language and chase motivation → restriction hierarchy → decidability results → comparisons.,Formal sections organized by rule classes and relationships.,Dependency diagrams/tables serve as a map of the decidability landscape.,"Guarded finite grounding here is a modeling restriction, not a new existential-rule frontier.","Targeted full-paper calibration: introduction, rule/chase model, main restriction results, hierarchy/comparison, conclusion, visual roles, and complete bibliography inspected.",
same_venue,6,dechter1996,Structure-Driven Algorithms for Truth Maintenance,Artificial Intelligence 82(1–2),1996,10.1016/0004-3702(94)00096-4,https://ics.uci.edu/~dechter/publications/r52-struct-algrthms-truth-mainten.pdf,25,Numbered or individually delimited entries in the accessible full-text bibliography; counted once per bibliographic entry.,Using structural decomposition to make truth maintenance and support generation tractable.,Exploit problem structure and tree-like decompositions rather than treating justifications uniformly.,Algorithmic analysis relates structural width to support-generation and assumption-change cost.,Diagnosis and reasoning systems with changing assumptions.,Worked examples and algorithmic analysis; limited empirical evidence by modern standards.,No reusable software artifact reported.,Truth-maintenance problem → structural representation → algorithms → analysis/examples → appendix.,Compact journal structure with technical appendix.,Graph decompositions and worked examples carry the main intuition.,Separate minimizing changed assumptions from minimizing fields in a fixed rank representation.,"Targeted full-paper calibration: motivation, structural methods, support-generation argument, conclusion, appendix, figures/tables, and complete bibliography inspected.",
same_venue,7,schwalb1997,Processing Disjunctions in Temporal Constraint Networks,Artificial Intelligence 93(1–2),1997,10.1016/S0004-3702(97)00009-X,https://ics.uci.edu/~dechter/publications/R40.pdf,33,Numbered or individually delimited entries in the accessible full-text bibliography; counted once per bibliographic entry.,Reasoning when temporal constraints contain disjunctive alternatives.,Separate selecting a consistent conjunction from propagating ordinary temporal difference constraints.,Algorithms and complexity analysis identify tractable propagation inside a harder alternative-selection problem.,Temporal planning and scheduling.,Algorithmic examples and comparative analysis; no modern artifact package.,No code used here.,Temporal-network background → disjunction formalism → processing algorithms → complexity/examples.,Theory and algorithms with worked networks.,Network diagrams display alternatives and propagation.,Use the same distinction for fixed-proof checking versus witness selection.,"Targeted full-paper calibration: introduction/model, principal algorithms and hardness boundary, examples, conclusion, visual roles, and complete bibliography inspected.",
same_venue,8,dechter1991,Temporal Constraint Networks,Artificial Intelligence 49(1–3),1991,10.1016/0004-3702(91)90006-6,https://ics.uci.edu/~dechter/publications/r10.pdf,41,Numbered or individually delimited entries in the accessible full-text bibliography; counted once per bibliographic entry.,Representing and solving qualitative/quantitative temporal relations.,Encode conjunctions of temporal differences as networks and use path consistency/shortest-path structure.,Soundness and complexity of network algorithms are supported by canonical examples.,Planning and temporal reasoning.,Foundational formal/algorithmic study rather than broad benchmark evaluation.,No artifact expected for the period.,Motivation → network representation → algorithms/properties → examples → related work.,Foundational article with progressively richer networks.,Constraint-network figures are central explanatory objects.,State the sign convention and distinguish conjunction propagation from disjunctive selection.,"Targeted full-paper calibration: formal model, network algorithms, examples, conclusions, figures, and complete bibliography inspected.",
same_venue,9,doyle1979,A Truth Maintenance System,Artificial Intelligence 12(3),1979,10.1016/0004-3702(79)90008-0,https://doi.org/10.1016/0004-3702(79)90008-0,56,Numbered or individually delimited entries in the accessible full-text bibliography; counted once per bibliographic entry.,Keeping derived beliefs coherent as justifications change.,Attach explicit justifications to beliefs and revise the believed set when support changes.,System invariants and worked reasoning examples explain the maintenance mechanism.,"Problem solvers, diagnosis, and nonmonotonic reasoning.",Conceptual system examples; no large benchmark campaign.,Historical system description rather than a modern reproducibility package.,Problem → justification representation → maintenance procedures → examples/implications.,Long-form foundational article.,State-transition and justification examples provide intuition.,A surviving conclusion and a surviving stored proof are different obligations.,"Targeted full-paper calibration: system model, justification procedures, principal examples, discussion, and complete bibliography inspected.",Also occupies influential slot 4; counted once in the 21 unique-paper total.
same_venue,10,dekleer1986,An Assumption-Based TMS,Artificial Intelligence 28(2),1986,10.1016/0004-3702(86)90080-9,https://doi.org/10.1016/0004-3702(86)90080-9,22,Numbered or individually delimited entries in the accessible full-text bibliography; counted once per bibliographic entry.,Representing which combinations of assumptions support each proposition.,Maintain labels of assumption environments and propagate nogoods.,Algorithmic invariants and worked examples establish label correctness and pruning.,Diagnosis and multiple-context reasoning.,Worked examples; no modern performance artifact.,Historical system evidence only.,Motivation → environments/labels → propagation → examples → comparison.,System paper with formal definitions and examples.,Lattice/label examples clarify multiple support contexts.,One selected witness deliberately discards the all-environments object maintained by an ATMS.,"Targeted full-paper calibration: definitions, label/nogood algorithms, examples, conclusion, visual roles, and complete bibliography inspected.",
same_venue,11,beck2018,LARS: A Logic-Based Framework for Analytic Reasoning over Streams,Artificial Intelligence 261,2018,10.1016/j.artint.2018.04.003,https://doi.org/10.1016/j.artint.2018.04.003,102,Numbered or individually delimited entries in the accessible full-text bibliography; counted once per bibliographic entry.,Giving rule-based stream reasoning precise window and time semantics.,Extend logic programming with stream/window operators and declarative semantics.,Formal semantic results and expressiveness examples connect the language to stream tasks.,Online analytics over data streams.,Illustrative stream scenarios and system connections; semantics is central.,"Related implementations exist, but none is executed here.",Stream motivation → syntax/semantics → examples/properties → language relations → conclusion.,Broad framework article with extensive related work.,Timeline/window diagrams and examples explain operator semantics.,Declare fixed retrospective snapshots rather than borrowing online-window guarantees.,"Targeted full-paper calibration: introduction, syntax/semantics, core properties/examples, implementation context, conclusion, figure/table roles, and complete bibliography inspected.",
same_venue,12,gottlob2014,The Price of Query Rewriting in Ontology-Based Data Access,Artificial Intelligence 213,2014,10.1016/j.artint.2014.04.004,https://repository.londonmet.ac.uk/5789/,60,Numbered or individually delimited entries in the accessible full-text bibliography; counted once per bibliographic entry.,How succinct different query-rewriting languages can be in ontology-based data access.,Relate rewriting size to monotone/nonmonotone circuit complexity and compare representations.,Lower bounds and constructive upper bounds establish exponential or superpolynomial separations under stated assumptions.,Compiling ontology-mediated queries for database execution.,Theoretical constructions and succinctness examples; no runtime artifact central to the result.,Accepted manuscript available; no code used.,Rewriting motivation → complexity connection → lower/upper bounds → language comparisons → implications.,Compact theory article with theorem-driven sections.,"Construction diagrams/tables, where present, support representation comparisons rather than performance.",Representation changes can incur genuine size gaps; our rank-format separation remains tied to one fixed update certificate.,"Targeted full-paper calibration: abstract/introduction, representation definitions, principal lower/upper bounds, conclusions, visual roles, and complete bibliography inspected.",
influential,1,gupta1993,Maintaining Views Incrementally,ACM SIGMOD,1993,10.1145/170035.170066,https://doi.org/10.1145/170035.170066,28,"Manual count of full-paper bibliography entries; one metadata service reports 27, so the ledger records the inspected paper count and the divergence.",Maintaining recursive materialized views under insertion and deletion.,Delete affected consequences and rederive those with surviving support (DRed).,Correctness argument and algorithmic examples motivate incremental work relative to recomputation.,Deductive databases/materialized views.,Algorithmic examples and prototype-era evaluation.,No upstream implementation consumed.,View-maintenance problem → update algorithms → recursive cases → experiments/related work.,Conference-paper structure.,Algorithm listings and experiment tables communicate the update phases.,"Use DRed as a producer baseline, not as a novelty claim or trusted checker.","Targeted full-paper calibration: problem, DRed algorithm, correctness/examples, evaluation, conclusion, visuals, and complete bibliography inspected.",
influential,2,green2007,Provenance Semirings,ACM PODS,2007,10.1145/1265530.1265535,https://doi.org/10.1145/1265530.1265535,33,Numbered or individually delimited entries in the accessible full-text bibliography; counted once per bibliographic entry.,Giving a uniform semantics for how query answers depend on input tuples and derivations.,Annotate data in commutative semirings so query operations compose provenance algebraically.,Universal-property and query-semantics results unify multiple provenance notions.,"Database explanation, trust, and annotation.",Formal examples across positive relational algebra; no performance campaign central.,No code artifact required for the semantic result.,Motivating provenance notions → semiring semantics → universal results → applications.,Concise theory conference paper.,Algebraic examples and tables compare provenance interpretations.,A Boolean selected witness is intentionally weaker than all-derivation semiring provenance.,"Targeted full-paper calibration: semantics, key theorems, examples/applications, conclusion, visuals, and complete bibliography inspected.",
influential,3,necula1997,Proof-Carrying Code,ACM POPL,1997,10.1145/263699.263712,https://doi.org/10.1145/263699.263712,15,Numbered or individually delimited entries in the accessible full-text bibliography; counted once per bibliographic entry.,Allowing a consumer to trust mobile code without trusting its producer.,Producer supplies a proof; a small consumer-side checker validates a stated safety policy.,Soundness architecture and prototype measurements separate proof generation from checking.,Safe code distribution.,Prototype examples and proof/checking cost measurements.,Historical implementation reported by the paper; not reused.,Threat/trust model → proof format/checker → generation → experiments → limitations.,Conference-paper structure.,Architecture diagram and cost table carry the trust-separation story.,"Make the checker’s trusted state and complete input explicit, and charge producer/checker costs separately.","Targeted full-paper calibration: trust model, checking architecture, soundness argument, evaluation, conclusion, visuals, and complete bibliography inspected.",
influential,4,doyle1979,A Truth Maintenance System,Artificial Intelligence 12(3),1979,10.1016/0004-3702(79)90008-0,https://doi.org/10.1016/0004-3702(79)90008-0,56,Numbered or individually delimited entries in the accessible full-text bibliography; counted once per bibliographic entry.,Keeping derived beliefs coherent as justifications change.,Attach explicit justifications and revise beliefs when support changes.,System invariants and examples establish the mechanism.,AI problem solvers and diagnosis.,Conceptual and worked examples.,Historical system paper.,Problem → justifications → maintenance → examples → implications.,Long-form foundational article.,Justification examples drive the explanation.,Use truth-maintenance lineage to motivate proof change without claiming the same objective.,Same targeted full-paper pass as same-venue slot 9.,Overlap with same-venue slot 9.
influential,5,bezem2008,The Max-Atom Problem and Its Relevance,LPAR,2008,10.1007/978-3-540-89439-1_4,https://doi.org/10.1007/978-3-540-89439-1_4,10,Numbered or individually delimited entries in the accessible full-text bibliography; counted once per bibliographic entry.,Understanding satisfiability of inequalities built from maxima plus constants.,Relate Max-Atom constraints to established game/optimization boundaries.,Reductions and structural analysis position the problem computationally.,Constraint solving and tropical/mean-payoff connections.,Theoretical examples; no empirical campaign central.,No code artifact needed for the result.,Problem definition → relevance/reductions → complexity implications → conclusion.,Short theory conference paper.,Small constraint examples communicate the form.,"Claim only a polynomial equivalence for compatible proof selection, not a new Max-Atom solver.","Targeted full-paper calibration: definition, reductions/relevance, examples, conclusion, and complete bibliography inspected.",
adjacent_venue,1,zhao2026,Incremental Maintenance of DatalogMTL Materialisations,AAAI,2026,10.1609/aaai.v40i23.39025,https://ojs.aaai.org/index.php/AAAI/article/view/39025,26,Numbered or individually delimited entries in the accessible full-text bibliography; counted once per bibliographic entry.,Maintaining bounded/periodic metric-temporal Datalog materialisations under updates.,Adapt DRed-style phases to temporal representations with a correctness theorem.,Formal maintenance result is paired with empirical comparison to rematerialisation.,Temporal knowledge-graph/log reasoning.,Three datasets and four result/breakdown tables in the inspected paper.,Paper provides code/data linkage; no executable imported here.,Temporal problem → representation/algorithm → correctness → experiments → conclusion.,AAAI-length compact method/evaluation sequence.,Algorithm overview and result tables balance theorem and empirical evidence.,Acknowledge richer temporal maintenance and position this work as finite-snapshot certificate checking.,"Targeted full-paper calibration: introduction, temporal model, algorithm/Theorem 2, experiments, conclusion, visuals, and complete bibliography inspected.",
adjacent_venue,2,li2026,Incremental Inference for Probabilistic Datalog,CAV,2026,10.1007/978-3-032-32537-2_8,https://doi.org/10.1007/978-3-032-32537-2_8,43,Numbered or individually delimited entries in the accessible full-text bibliography; counted once per bibliographic entry.,Reusing derivation structure and compiled probability representations after probabilistic Datalog updates.,"Maintain complete proof structure, repair cycles, and reuse BDD compilation.",Algorithmic correctness and benchmark comparison quantify incremental reuse.,Probabilistic program analysis and inference.,Benchmark section compares incremental and from-scratch inference over recursive probabilistic programs.,Artifact archive is stated in the paper; no code imported.,Problem → provenance/BDD background → incremental algorithms → correctness → evaluation.,"CAV paper with method, formal results, and evaluation.",Pipeline diagrams and performance tables show where reuse occurs.,Do not equate one Boolean witness with complete probabilistic provenance or probability certification.,"Targeted full-paper calibration: introduction, Sections 4–5, correctness/evaluation, conclusion, artifact statement, visuals, and complete bibliography inspected.",
adjacent_venue,3,tantow2025,Verifying Datalog Reasoning with Lean,ITP,2025,10.4230/LIPIcs.ITP.2025.36,https://doi.org/10.4230/LIPIcs.ITP.2025.36,37,Numbered or individually delimited entries in the accessible full-text bibliography; counted once per bibliographic entry.,Machine-checking Datalog derivations and model completeness.,Represent proof graphs and verify derivability plus a model/closure condition in Lean.,Mechanized definitions and theorems give a stronger implementation-assurance route than finite Python tests.,Certified symbolic reasoning.,Mechanized examples and cost discussion; not a broad performance benchmark.,Lean development accompanies the work.,Verification goal → formalization → proof-graph checker → model check → evaluation/lessons.,ITP structure centered on mechanization.,Proof-object diagrams and code excerpts explain representation choices.,Explicitly concede prior proof/model verification; retain stateful update locality as the delta.,"Targeted full-paper calibration: Sections 3–5, model check, ordering-cost discussion, conclusions, artifact/visuals, and all 37 references inspected.",
adjacent_venue,4,bonifati2018,Certified Graph View Maintenance with Regular Datalog,Theory and Practice of Logic Programming,2018,10.1017/S1471068418000224,https://doi.org/10.1017/S1471068418000224,38,Numbered or individually delimited entries in the accessible full-text bibliography; counted once per bibliographic entry.,Certifying incremental graph-view maintenance expressed in Regular Datalog.,Use Coq to mechanize compositional support and maintenance correctness.,Machine-checked theorem connects update operators to view semantics.,Graph databases and regular-path views.,Mechanized development plus illustrative graph cases.,Coq artifact described by the paper.,Graph-view problem → language/semantics → maintenance construction → Coq correctness → examples.,Journal/conference special-issue format.,Graph examples and formal definitions carry the argument.,Do not claim to introduce certified incremental maintenance; distinguish post-hoc arbitrary-patch checking.,"Targeted full-paper calibration: Sections 3–4, Theorem 1, examples, conclusion, artifact/visual roles, and complete bibliography inspected.",
adjacent_venue,5,fazekas2024,Certifying Incremental SAT Solving,LPAR,2024,10.29007/pdcc,https://doi.org/10.29007/pdcc,45,Numbered or individually delimited entries in the accessible full-text bibliography; counted once per bibliographic entry.,Checking stateful sequences of incremental SAT interactions and results.,Extend proof formats with identifiers and interaction evidence that preserve checker state.,"Format invariants, checker design, and solver-trace experiments establish feasibility.",Incremental SAT solving and proof logging.,Evaluation over solver traces/benchmarks reports proof and checking overheads.,Checker/tool artifact is part of the work.,Incremental trust problem → format → checker → integration → evaluation → limitations.,LPAR paper with formal format and empirical section.,Protocol diagrams and overhead tables explain state transitions.,Stateful certification is established elsewhere; specify exactly what state and update invariant are new here.,"Targeted full-paper calibration: Sections 3–4, format/checker, evaluation, conclusion, artifact/visuals, and all 45 references inspected.",
