bibkey,title,year,doi,primary_url,reading_depth,supported_claim,cited_sections,access_date,integration
gupta1993,Maintaining Views Incrementally,1993,10.1145/170035.170066,https://doi.org/10.1145/170035.170066,"Targeted full-paper calibration (influential): problem framing, formal model/mechanism, principal proof or performance argument, practical connection, evaluation/examples, conclusion, bibliography count, and figure/table roles inspected; not claimed as line-by-line reading",DRed and recursive incremental view maintenance are established producer methods,introduction;related,2026-09-15,Bibliographic and analytical use only; no upstream code or paper PDF redistributed
motik2019,Maintenance of {Datalog} Materialisations Revisited,2019,10.1016/j.artint.2018.12.004,https://www.cs.ox.ac.uk/boris.motik/pubs/mnph19maintenance-revisited.pdf,"Targeted full-paper calibration (same_venue): problem framing, formal model/mechanism, principal proof or performance argument, practical connection, evaluation/examples, conclusion, bibliography count, and figure/table roles inspected; not claimed as line-by-line reading","Comparison of counting, DRed and backward/forward materialisation maintenance; broader optimized baseline",introduction;related,2026-09-15,Bibliographic and analytical use only; no upstream code or paper PDF redistributed
hu2022,Modular Materialisation of {Datalog} Programs,2022,10.1016/j.artint.2022.103726,https://www.cs.ox.ac.uk/boris.motik/pubs/hmh22modular-materialisation.pdf,"Targeted full-paper calibration (same_venue): problem framing, formal model/mechanism, principal proof or performance argument, practical connection, evaluation/examples, conclusion, bibliography count, and figure/table roles inspected; not claimed as line-by-line reading","Module behavior contracts and specialized materialisation, distinct from proof-rank blocks",related,2026-09-15,Bibliographic and analytical use only; no upstream code or paper PDF redistributed
ronca2022,The Delay and Window Size Problems in Rule-Based Stream Reasoning,2022,10.1016/j.artint.2022.103668,https://www.cs.ox.ac.uk/people/ian.horrocks/Publications/download/2022/RoncaKGH22.pdf,"Targeted full-paper calibration (same_venue): problem framing, formal model/mechanism, principal proof or performance argument, practical connection, evaluation/examples, conclusion, bibliography count, and figure/table roles inspected; not claimed as line-by-line reading","Delay and safe window analysis, distinct from retrospective fixed-horizon edits",related,2026-09-15,Bibliographic and analytical use only; no upstream code or paper PDF redistributed
zhao2026,Incremental Maintenance of {DatalogMTL} Materialisations,2026,10.1609/aaai.v40i23.39025,https://ojs.aaai.org/index.php/AAAI/article/view/39025,"Targeted full-paper calibration (adjacent_venue): problem framing, formal model/mechanism, principal proof or performance argument, practical connection, evaluation/examples, conclusion, bibliography count, and figure/table roles inspected; not claimed as line-by-line reading",DRedMTL updates bounded-interval and periodic materialisations; no generic temporal-maintenance novelty,introduction;related,2026-09-15,Bibliographic and analytical use only; no upstream code or paper PDF redistributed
li2026,Incremental Inference for Probabilistic {Datalog},2026,10.1007/978-3-032-32537-2_8,https://link.springer.com/chapter/10.1007/978-3-032-32537-2_8,"Targeted full-paper calibration (adjacent_venue): problem framing, formal model/mechanism, principal proof or performance argument, practical connection, evaluation/examples, conclusion, bibliography count, and figure/table roles inspected; not claimed as line-by-line reading",Incremental probabilistic Datalog maintains a richer inference object than a single Boolean witness,related,2026-09-15,Bibliographic and analytical use only; no upstream code or paper PDF redistributed
dechter1991,Temporal Constraint Networks,1991,10.1016/0004-3702(91)90006-6,https://ics.uci.edu/~dechter/publications/r10.pdf,"Targeted full-paper calibration (same_venue): problem framing, formal model/mechanism, principal proof or performance argument, practical connection, evaluation/examples, conclusion, bibliography count, and figure/table roles inspected; not claimed as line-by-line reading",Classical difference-constraint feasibility and temporal constraint networks,related;representation,2026-09-15,Bibliographic and analytical use only; no upstream code or paper PDF redistributed
bezem2008,The Max-Atom Problem and Its Relevance,2008,10.1007/978-3-540-89439-1_4,https://doi.org/10.1007/978-3-540-89439-1_4,"Targeted full-paper calibration (influential): problem framing, formal model/mechanism, principal proof or performance argument, practical connection, evaluation/examples, conclusion, bibliography count, and figure/table roles inspected; not claimed as line-by-line reading",Definition and established theory of integer Max-Atom,related;representation,2026-09-15,Bibliographic and analytical use only; no upstream code or paper PDF redistributed
atserias2010,Mean-Payoff Games and the Max-Atom Problem,2009,,https://www.cs.upc.edu/~atserias/papers/mean-payoff-games-max-atom/mpma.pdf,Author report defining reductions; inherited targeted technical reading,Polynomial equivalence between Max-Atom and mean-payoff games,related;representation,2026-09-14,Bibliographic and analytical use only; no upstream code or paper PDF redistributed
mohring2004,Scheduling with {AND/OR} Precedence Constraints,2004,10.1137/S009753970037727X,https://doi.org/10.1137/S009753970037727X,Scholarly primary record/abstract or stated foundational result; no complete-paper reading or numerical theorem census claimed,AND/OR precedence distinguishes alternative selection from conjunctive constraints,related;representation,2026-09-14,Bibliographic and analytical use only; no upstream code or paper PDF redistributed
green2007,Provenance Semirings,2007,10.1145/1265530.1265535,https://doi.org/10.1145/1265530.1265535,"Targeted full-paper calibration (influential): problem framing, formal model/mechanism, principal proof or performance argument, practical connection, evaluation/examples, conclusion, bibliography count, and figure/table roles inspected; not claimed as line-by-line reading",Algebraic derivation combinations; different from one selected witness,related,2026-09-15,Bibliographic and analytical use only; no upstream code or paper PDF redistributed
necula1997,Proof-Carrying Code,1997,10.1145/263699.263712,https://doi.org/10.1145/263699.263712,"Targeted full-paper calibration (influential): problem framing, formal model/mechanism, principal proof or performance argument, practical connection, evaluation/examples, conclusion, bibliography count, and figure/table roles inspected; not claimed as line-by-line reading",Producer/consumer separation through carried proof evidence,related,2026-09-15,Bibliographic and analytical use only; no upstream code or paper PDF redistributed
wang2022,{MeTeoR}: Practical Reasoning in {Datalog} with Metric Temporal Operators,2022,10.1609/aaai.v36i5.20535,https://doi.org/10.1609/aaai.v36i5.20535,Scholarly primary record/abstract or stated foundational result; no complete-paper reading or numerical theorem census claimed,Practical materialisation for richer metric-temporal operators,related,2026-09-14,Bibliographic and analytical use only; no upstream code or paper PDF redistributed
walega2023,Materialisation-Based Reasoning in {DatalogMTL} with Bounded Intervals,2023,10.1609/aaai.v37i5.25807,https://doi.org/10.1609/aaai.v37i5.25807,Scholarly primary record/abstract or stated foundational result; no complete-paper reading or numerical theorem census claimed,Bounded-interval DatalogMTL and periodic representations,related,2026-09-14,Bibliographic and analytical use only; no upstream code or paper PDF redistributed
baget2011,On Rules with Existential Variables: Walking the Decidability Line,2011,10.1016/j.artint.2011.03.002,https://doi.org/10.1016/j.artint.2011.03.002,"Targeted full-paper calibration (same_venue): problem framing, formal model/mechanism, principal proof or performance argument, practical connection, evaluation/examples, conclusion, bibliography count, and figure/table roles inspected; not claimed as line-by-line reading",Existential-rule decidability boundary is excluded from the finite model,related,2026-09-15,Bibliographic and analytical use only; no upstream code or paper PDF redistributed
tantow2025,Verifying {Datalog} Reasoning with {Lean},2025,10.4230/LIPIcs.ITP.2025.36,https://doi.org/10.4230/LIPIcs.ITP.2025.36,"Targeted full-paper calibration (adjacent_venue): problem framing, formal model/mechanism, principal proof or performance argument, practical connection, evaluation/examples, conclusion, bibliography count, and figure/table roles inspected; not claimed as line-by-line reading",Lean-verified Datalog proof graphs plus model checking; full-certificate principle already known,introduction;related,2026-09-15,Bibliographic and analytical use only; no upstream code or paper PDF redistributed
bonifati2018,Certified Graph View Maintenance with Regular {Datalog},2018,10.1017/S1471068418000224,https://doi.org/10.1017/S1471068418000224,"Targeted full-paper calibration (adjacent_venue): problem framing, formal model/mechanism, principal proof or performance argument, practical connection, evaluation/examples, conclusion, bibliography count, and figure/table roles inspected; not claimed as line-by-line reading",Coq-certified Regular Datalog incremental graph-view maintenance,related,2026-09-15,Bibliographic and analytical use only; no upstream code or paper PDF redistributed
fazekas2024,Certifying Incremental {SAT} Solving,2024,10.29007/pdcc,https://doi.org/10.29007/pdcc,"Targeted full-paper calibration (adjacent_venue): problem framing, formal model/mechanism, principal proof or performance argument, practical connection, evaluation/examples, conclusion, bibliography count, and figure/table roles inspected; not claimed as line-by-line reading",Stateful incremental proof interactions and SAT checking,related,2026-09-15,Bibliographic and analytical use only; no upstream code or paper PDF redistributed
doyle1979,A Truth Maintenance System,1979,10.1016/0004-3702(79)90008-0,https://doi.org/10.1016/0004-3702(79)90008-0,"Targeted full-paper calibration (influential, same_venue): problem framing, formal model/mechanism, principal proof or performance argument, practical connection, evaluation/examples, conclusion, bibliography count, and figure/table roles inspected; not claimed as line-by-line reading",Justification-based truth maintenance precedes this work,introduction;related,2026-09-15,Bibliographic and analytical use only; no upstream code or paper PDF redistributed
dekleer1986,An Assumption-Based {TMS},1986,10.1016/0004-3702(86)90080-9,https://doi.org/10.1016/0004-3702(86)90080-9,"Targeted full-paper calibration (same_venue): problem framing, formal model/mechanism, principal proof or performance argument, practical connection, evaluation/examples, conclusion, bibliography count, and figure/table roles inspected; not claimed as line-by-line reading",Support across assumption environments differs from one selected proof,related,2026-09-15,Bibliographic and analytical use only; no upstream code or paper PDF redistributed
dechter1996,Structure-Driven Algorithms for Truth Maintenance,1996,10.1016/0004-3702(94)00096-4,https://ics.uci.edu/~dechter/publications/r52-struct-algrthms-truth-mainten.pdf,"Targeted full-paper calibration (same_venue): problem framing, formal model/mechanism, principal proof or performance argument, practical connection, evaluation/examples, conclusion, bibliography count, and figure/table roles inspected; not claimed as line-by-line reading",Structure-driven truth maintenance and minimum assumption changes differ from offset edits,related,2026-09-15,Bibliographic and analytical use only; no upstream code or paper PDF redistributed
beck2018,{LARS}: A Logic-Based Framework for Analytic Reasoning over Streams,2018,10.1016/j.artint.2018.04.003,https://doi.org/10.1016/j.artint.2018.04.003,"Targeted full-paper calibration (same_venue): problem framing, formal model/mechanism, principal proof or performance argument, practical connection, evaluation/examples, conclusion, bibliography count, and figure/table roles inspected; not claimed as line-by-line reading","Stream/window semantics under LARS, not fixed retroactive snapshots",related,2026-09-15,Bibliographic and analytical use only; no upstream code or paper PDF redistributed
ceylan2025,Explanations for Query Answers under Existential Rules,2025,10.1016/j.artint.2025.104294,https://repositum.tuwien.at/handle/20.500.12708/223661,Scholarly primary record/abstract or stated foundational result; no complete-paper reading or numerical theorem census claimed,Explanations for query answers under existential rules are a distinct output,related,2026-09-14,Bibliographic and analytical use only; no upstream code or paper PDF redistributed
simancik2014,Consequence-Based and Fixed-Parameter Tractable Reasoning in Description Logics,2014,10.1016/j.artint.2014.01.002,https://www.cs.ox.ac.uk/boris.motik/pubs/smh14consequence-FPT.pdf,"Targeted full-paper calibration (same_venue): problem framing, formal model/mechanism, principal proof or performance argument, practical connection, evaluation/examples, conclusion, bibliography count, and figure/table roles inspected; not claimed as line-by-line reading","Consequence-based and decomposition-parameterized DL reasoning, not arbitrary rank blocks",related,2026-09-15,Bibliographic and analytical use only; no upstream code or paper PDF redistributed
schwalb1997,Processing Disjunctions in Temporal Constraint Networks,1997,10.1016/S0004-3702(97)00009-X,https://ics.uci.edu/~dechter/publications/R40.pdf,"Targeted full-paper calibration (same_venue): problem framing, formal model/mechanism, principal proof or performance argument, practical connection, evaluation/examples, conclusion, bibliography count, and figure/table roles inspected; not claimed as line-by-line reading",Disjunctive temporal constraints separate alternatives and propagation,related,2026-09-15,Bibliographic and analytical use only; no upstream code or paper PDF redistributed
vanemden1976,The Semantics of Predicate Logic as a Programming Language,1976,10.1145/321978.321991,https://doi.org/10.1145/321978.321991,Scholarly primary record/abstract or stated foundational result; no complete-paper reading or numerical theorem census claimed,Standard least-fixed-point semantics of positive logic programs,semantics,2026-09-14,Bibliographic and analytical use only; no upstream code or paper PDF redistributed
dowling1984,Linear-Time Algorithms for Testing the Satisfiability of Propositional Horn Formulae,1984,10.1016/0743-1066(84)90014-1,https://doi.org/10.1016/0743-1066(84)90014-1,Scholarly primary record/abstract or stated foundational result; no complete-paper reading or numerical theorem census claimed,Classical linear-time propositional Horn satisfiability,semantics,2026-09-14,Bibliographic and analytical use only; no upstream code or paper PDF redistributed
dilworth1950,A Decomposition Theorem for Partially Ordered Sets,1950,10.2307/1969503,https://doi.org/10.2307/1969503,Scholarly primary record/abstract or stated foundational result; no complete-paper reading or numerical theorem census claimed,Maximum antichain equals minimum chain-cover cardinality,repair,2026-09-14,Bibliographic and analytical use only; no upstream code or paper PDF redistributed
stout2022,{L0} Isotonic Regression with Secondary Objectives,2022,10.48550/arXiv.2106.00279,https://arxiv.org/abs/2106.00279,"Full-text section 2 (violator graph, antichain, flow and extension), plus revised-preprint metadata",Established L0 violator-DAG maximum-antichain method; central prior-art attribution,introduction;related;repair,2026-09-14,Bibliographic and analytical use only; no upstream code or paper PDF redistributed
floyd1962,Algorithm 97: Shortest Path,1962,10.1145/367766.368168,https://doi.org/10.1145/367766.368168,Scholarly primary record/abstract or stated foundational result; no complete-paper reading or numerical theorem census claimed,All-pairs closure recurrence specialized to max-plus path weights,repair,2026-09-14,Bibliographic and analytical use only; no upstream code or paper PDF redistributed
haeupler2012,"Incremental Cycle Detection, Topological Ordering, and Strong Component Maintenance",2012,10.1145/2071379.2071382,https://collaborate.princeton.edu/en/publications/incremental-cycle-detection-topological-ordering-and-strong-compo/,Scholarly primary record/abstract or stated foundational result; no complete-paper reading or numerical theorem census claimed,Implicit dynamic topological ordering is outside explicit scalar-patch lower bound,related,2026-09-14,Bibliographic and analytical use only; no upstream code or paper PDF redistributed
mcconnell2011,Certifying Algorithms,2011,10.1016/j.cosrev.2010.09.009,https://doi.org/10.1016/j.cosrev.2010.09.009,Scholarly primary record/abstract or stated foundational result; no complete-paper reading or numerical theorem census claimed,General certifying-algorithm framework; survey not counted as original AIJ calibration,related,2026-09-14,Bibliographic and analytical use only; no upstream code or paper PDF redistributed
blum1989,Designing Programs That Check Their Work,1989,10.1145/73007.73015,https://doi.org/10.1145/73007.73015,Scholarly primary record/abstract or stated foundational result; no complete-paper reading or numerical theorem census claimed,Classical computation checking,related,2026-09-14,Bibliographic and analytical use only; no upstream code or paper PDF redistributed
motik2014,"Parallel Materialisation of {Datalog} Programs in Centralised, Main-Memory {RDF} Systems",2014,10.1609/aaai.v28i1.8730,https://ojs.aaai.org/index.php/AAAI/article/view/8730,Scholarly primary record/abstract or stated foundational result; no complete-paper reading or numerical theorem census claimed,Parallel materialisation engineering; not executed as a benchmark here,related,2026-09-14,Bibliographic and analytical use only; no upstream code or paper PDF redistributed
nenov2015,{RDFox}: A Highly-Scalable {RDF} Store,2015,10.1007/978-3-319-25010-6_1,https://link.springer.com/chapter/10.1007/978-3-319-25010-6_1,Scholarly primary record/abstract or stated foundational result; no complete-paper reading or numerical theorem census claimed,RDFox store engineering; not executed as a benchmark here,related,2026-09-14,Bibliographic and analytical use only; no upstream code or paper PDF redistributed
jordan2016,Souffl{\'e}: On Synthesis of Program Analyzers,2016,10.1007/978-3-319-41540-6_23,https://link.springer.com/chapter/10.1007/978-3-319-41540-6_23,Scholarly primary record/abstract or stated foundational result; no complete-paper reading or numerical theorem census claimed,Compiled Datalog program analyzers; not executed as a benchmark here,related,2026-09-14,Bibliographic and analytical use only; no upstream code or paper PDF redistributed
mcsherry2013,Differential Dataflow,2013,,https://www.microsoft.com/en-us/research/publication/differential-dataflow/,"Full-text logical timestamps, differential iteration and implementation introduction",Partially ordered logical timestamps and differences through iterative computation,related,2026-09-14,Bibliographic and analytical use only; no upstream code or paper PDF redistributed
ahmad2012,"{DBToaster}: Higher-Order Delta Processing for Dynamic, Frequently Fresh Views",2012,10.14778/2336664.2336670,https://www.vldb.org/pvldb/vol5/p968_yanifahmad_vldb2012.pdf,Primary paper introduction and higher-order delta framing; exact journal metadata checked,Higher-order delta processing for incremental views,related,2026-09-14,Bibliographic and analytical use only; no upstream code or paper PDF redistributed
budiu2023,{DBSP}: Automatic Incremental View Maintenance for Rich Query Languages,2023,10.14778/3587136.3587137,https://www.vldb.org/pvldb/vol16/p1601-budiu.pdf,Full-text introduction and algebraic model/circuit sections; formalization statement; first-page metadata,Algebraic incremental circuits with formalized correctness; not arbitrary-patch acceptance,related,2026-09-14,Bibliographic and analytical use only; no upstream code or paper PDF redistributed
buneman2001,Why and Where: A Characterization of Data Provenance,2001,10.1007/3-540-44503-X_20,https://doi.org/10.1007/3-540-44503-X_20,Scholarly primary record/abstract or stated foundational result; no complete-paper reading or numerical theorem census claimed,Why versus where provenance distinctions,related,2026-09-14,Bibliographic and analytical use only; no upstream code or paper PDF redistributed
cheney2009,"Provenance in Databases: Why, How, and Where",2009,10.1561/1900000006,https://doi.org/10.1561/1900000006,Scholarly primary record/abstract or stated foundational result; no complete-paper reading or numerical theorem census claimed,Why/how/where provenance taxonomy; survey not an original-method calibration item,related,2026-09-14,Bibliographic and analytical use only; no upstream code or paper PDF redistributed
bourgaux2022,Revisiting Semiring Provenance for {Datalog},2022,10.24963/kr.2022/10,https://proceedings.kr.org/2022/10/,Official paper metadata and abstract explaining recursive-provenance semantic distinctions,Recursive Datalog admits distinct semiring-provenance semantics,related,2026-09-14,Bibliographic and analytical use only; no upstream code or paper PDF redistributed
calautti2024,The Complexity of Why-Provenance for {Datalog} Queries,2024,10.1145/3651146,https://doi.org/10.1145/3651146,Author preprint abstract and journal DOI metadata; no complexity theorem imported,"Why-provenance complexity, distinct from Boolean witness selection",related,2026-09-14,Bibliographic and analytical use only; no upstream code or paper PDF redistributed
zhao2025,Provenance Guided Rollback Suggestions,2025,10.1017/S147106842500002X,https://www.cambridge.org/core/journals/theory-and-practice-of-logic-programming/article/provenance-guided-rollback-suggestions/B95F33BD5A3D55E58F8B4A68F4437595,"Publisher full HTML, relevant provenance annotations, rollback objective and method passages",Incremental proof annotations and input rollback optimization; different minimized object,related,2026-09-14,Bibliographic and analytical use only; no upstream code or paper PDF redistributed
tsamoura2021,Materializing Knowledge Bases via Trigger Graphs,2021,10.14778/3447689.3447699,https://www.vldb.org/pvldb/vol14/p943-tsamoura.pdf,Primary full-text introduction and trigger-graph method framing,Trigger graphs reduce redundant producer rule applications,related,2026-09-14,Bibliographic and analytical use only; no upstream code or paper PDF redistributed
brandt2018,Querying Log Data with Metric Temporal Logic,2018,10.1613/jair.1.11229,https://www.jair.org/index.php/jair/article/view/11229,Scholarly primary record/abstract or stated foundational result; no complete-paper reading or numerical theorem census claimed,Metric-temporal log querying uses richer operators than fixed point shifts,related,2026-09-14,Bibliographic and analytical use only; no upstream code or paper PDF redistributed
walega2019,{DatalogMTL}: Computational Complexity and Expressive Power,2019,10.24963/ijcai.2019/261,https://www.ijcai.org/Proceedings/2019/261,Scholarly primary record/abstract or stated foundational result; no complete-paper reading or numerical theorem census claimed,Operator-sensitive DatalogMTL complexity and expressive power,related,2026-09-14,Bibliographic and analytical use only; no upstream code or paper PDF redistributed
walegafinite2023,Finite Materialisability of {Datalog} Programs with Metric Temporal Operators,2023,10.1613/jair.1.14040,https://doi.org/10.1613/jair.1.14040,Scholarly primary record/abstract or stated foundational result; no complete-paper reading or numerical theorem census claimed,Finite materialisability is a separate property,related,2026-09-14,Bibliographic and analytical use only; no upstream code or paper PDF redistributed
walegastream2023,Stream Reasoning with {DatalogMTL},2023,10.1016/j.websem.2023.100776,https://doi.org/10.1016/j.websem.2023.100776,Scholarly primary record/abstract or stated foundational result; no complete-paper reading or numerical theorem census claimed,DatalogMTL stream reasoning and memory considerations,related,2026-09-14,Bibliographic and analytical use only; no upstream code or paper PDF redistributed
beck2017,Ticker: A System for Incremental {ASP}-Based Stream Reasoning,2017,10.1017/S1471068417000370,https://doi.org/10.1017/S1471068417000370,Scholarly primary record/abstract or stated foundational result; no complete-paper reading or numerical theorem census claimed,"Incremental ASP-based stream reasoning, not this positive finite semantics",related,2026-09-14,Bibliographic and analytical use only; no upstream code or paper PDF redistributed
baader2010,Axiom Pinpointing in General Tableaux,2010,10.1093/logcom/exn058,https://doi.org/10.1093/logcom/exn058,Scholarly primary record/abstract or stated foundational result; no complete-paper reading or numerical theorem census claimed,Axiom pinpointing identifies responsible axioms,related,2026-09-14,Bibliographic and analytical use only; no upstream code or paper PDF redistributed
ceylan2021,Preferred Explanations for Ontology-Mediated Queries under Existential Rules,2021,10.1609/aaai.v35i7.16778,https://doi.org/10.1609/aaai.v35i7.16778,Scholarly primary record/abstract or stated foundational result; no complete-paper reading or numerical theorem census claimed,Preferred query explanations differ from minimum representation edits,related,2026-09-14,Bibliographic and analytical use only; no upstream code or paper PDF redistributed
ceylan2020,Explanations for Negative Query Answers under Existential Rules,2020,10.24963/kr.2020/23,https://proceedings.kr.org/2020/23/,Scholarly primary record/abstract or stated foundational result; no complete-paper reading or numerical theorem census claimed,Negative-answer explanations differ from verifying positive closure,related,2026-09-14,Bibliographic and analytical use only; no upstream code or paper PDF redistributed
vangelder1991,The Well-Founded Semantics for General Logic Programs,1991,10.1145/116825.116838,https://doi.org/10.1145/116825.116838,Scholarly primary record/abstract or stated foundational result; no complete-paper reading or numerical theorem census claimed,Well-founded semantics with negation is not the strict rank condition used here,related,2026-09-14,Bibliographic and analytical use only; no upstream code or paper PDF redistributed
cali2012,Towards More Expressive Ontology Languages: The Query Answering Problem,2012,10.1016/j.artint.2012.08.002,https://doi.org/10.1016/j.artint.2012.08.002,Scholarly primary record/abstract or stated foundational result; no complete-paper reading or numerical theorem census claimed,Expressive existential ontology/query-answering restrictions are outside the fragment,related,2026-09-14,Bibliographic and analytical use only; no upstream code or paper PDF redistributed
kalyanpur2007,Finding All Justifications of {OWL DL} Entailments,2007,10.1007/978-3-540-76298-0_20,https://doi.org/10.1007/978-3-540-76298-0_20,Scholarly primary record/abstract or stated foundational result; no complete-paper reading or numerical theorem census claimed,Multiple minimal OWL justifications differ from one selected ranked proof,related,2026-09-14,Bibliographic and analytical use only; no upstream code or paper PDF redistributed
akian2012,Tropical Polyhedra Are Equivalent to Mean Payoff Games,2012,10.1142/S0218196711006674,https://doi.org/10.1142/S0218196711006674,Scholarly primary record/abstract or stated foundational result; no complete-paper reading or numerical theorem census claimed,Established tropical-polyhedron/mean-payoff equivalence,related,2026-09-14,Bibliographic and analytical use only; no upstream code or paper PDF redistributed
zwick1996,The Complexity of Mean Payoff Games on Graphs,1996,10.1016/0304-3975(95)00188-3,https://doi.org/10.1016/0304-3975(95)00188-3,Scholarly primary record/abstract or stated foundational result; no complete-paper reading or numerical theorem census claimed,Established mean-payoff game complexity,related,2026-09-14,Bibliographic and analytical use only; no upstream code or paper PDF redistributed
ramalingam1996,An Incremental Algorithm for a Generalization of the Shortest-Path Problem,1996,10.1006/jagm.1996.0046,https://doi.org/10.1006/jagm.1996.0046,Scholarly primary record/abstract or stated foundational result; no complete-paper reading or numerical theorem census claimed,Generalized incremental shortest-path repair precedes this work,related,2026-09-14,Bibliographic and analytical use only; no upstream code or paper PDF redistributed
abiteboul2016,A Formal Study of Collaborative Access Control in Distributed {Datalog},2016,10.4230/LIPIcs.ICDT.2016.10,https://drops.dagstuhl.de/entities/document/10.4230/LIPIcs.ICDT.2016.10,Scholarly primary record/abstract or stated foundational result; no complete-paper reading or numerical theorem census claimed,"Formal access-control context, not validation of the adapted example schedules",related,2026-09-14,Bibliographic and analytical use only; no upstream code or paper PDF redistributed
zhao2020,Debugging Large-Scale {Datalog}: A Scalable Provenance Evaluation Strategy,2020,10.1145/3379446,https://doi.org/10.1145/3379446,Primary conference presentation abstract and TOPLAS linkage; exact claim limited to proof-annotation debugging,Large-scale Datalog proof annotations for provenance debugging,related,2026-09-14,Bibliographic and analytical use only; no upstream code or paper PDF redistributed
gottlob2014,The Price of Query Rewriting in Ontology-Based Data Access,2014,10.1016/j.artint.2014.04.004,https://repository.londonmet.ac.uk/5789/,"Targeted full-paper calibration (same_venue): problem framing, formal model/mechanism, principal proof or performance argument, practical connection, evaluation/examples, conclusion, bibliography count, and figure/table roles inspected; not claimed as line-by-line reading",Query-rewriting representation choices can have exponential or superpolynomial succinctness gaps; distinct from fixed update-certificate rank formats,related,2026-09-15,Bibliographic and analytical use only; no upstream code or paper PDF redistributed
stephen2026,Knowledge Graph-Driven Expert-Level Reasoning for Neuroscience,2026,10.48550/arXiv.2605.25183,https://arxiv.org/abs/2605.25183,"Full substantive source inspected: abstract, introduction, framework, pipeline, evaluation, discussion/limitations, and conclusion; no executable pipeline or model was run","Explicit multi-hop knowledge-graph paths have been used as inspectable supervision; the paper does not supply temporal Datalog semantics, incremental proof maintenance, or clinical validation for this project",introduction,2026-09-16,"Lineage and motivation only; no upstream model, dataset, code, numerical result, or medical claim imported"
