fixture,horizon,partition,updates,atoms,rules,packet_bytes_total,truth_fields_total,witness_heads_total,closure_rules_total,offset_fields_total,pair_checks_total,local_check_wall_seconds_median
rbac_policy.csv,8,temporal,12,464,948,2301,214,107,568,0,27,0.000140954
rbac_policy.csv,8,singleton,12,464,948,2301,214,107,568,0,127,0.0001256615
rbac_policy.csv,16,temporal,12,928,1908,4245,430,215,1128,0,27,0.000192602
rbac_policy.csv,16,singleton,12,928,1908,4245,430,215,1128,0,259,0.00021878149999999999
rbac_policy.csv,32,temporal,12,1856,3828,8644,862,431,2248,0,27,0.000344702
rbac_policy.csv,32,singleton,12,1856,3828,8644,862,431,2248,0,523,0.0003494155
rbac_with_domains_policy.csv,8,temporal,12,896,1896,3019,294,147,776,0,57,0.000213072
rbac_with_domains_policy.csv,8,singleton,12,896,1896,3019,294,147,776,0,207,0.0002115425
rbac_with_domains_policy.csv,16,temporal,12,1792,3816,6143,590,295,1536,0,57,0.00031050450000000003
rbac_with_domains_policy.csv,16,singleton,12,1792,3816,6143,590,295,1536,0,419,0.000349729
rbac_with_domains_policy.csv,32,temporal,12,3584,7656,12061,1182,591,3056,0,57,0.0005985595
rbac_with_domains_policy.csv,32,singleton,12,3584,7656,12061,1182,591,3056,0,843,0.0006315755000000001
rbac_with_resource_roles_policy.csv,8,temporal,12,648,1422,2599,244,122,752,0,30,0.000129438
rbac_with_resource_roles_policy.csv,8,singleton,12,648,1422,2599,244,122,752,0,157,0.0001564595
rbac_with_resource_roles_policy.csv,16,temporal,12,1296,2862,5043,492,246,1496,0,30,0.00022567000000000003
rbac_with_resource_roles_policy.csv,16,singleton,12,1296,2862,5043,492,246,1496,0,321,0.000228438
rbac_with_resource_roles_policy.csv,32,temporal,12,2592,5742,10035,988,494,2984,0,30,0.000327185
rbac_with_resource_roles_policy.csv,32,singleton,12,2592,5742,10035,988,494,2984,0,649,0.000367393
